n_bats,best_position,best_features,best_fitness,duration
1,"[1 1 1 1 1 1 0 1 0 1 1 1 1 0 0 1 1 1 0 1 0 1 1 0 1 0 0 1 1 0 0 0 1 0 1 1 1
 1 0 1 1 1 0 1 0 1 1 1 0 0 1 0 0 1 0 1 1 1 1 1 0 1 1 1 0 1 1 0 1 1 1 0 1 1
 1 0 0 1 0 1 0 1 0 1 0 0 1 1 0 0 0 0 1 0 1 1 1 1 0 1 1 1 1 1 0 1 1 0 0 1 1
 1 1 0 1 1 1 0 1 0 1 1 1 0 0 0 0 1 1 1 1 1 0 1 0 0 1 0 1 1 1 1 1 1 0 0 0 1
 1 0 0 0 1 0 1 1 0 0 0 1 1 1 0 1 0 1 1 1 1 1 0 0 1 1 1 0 1 1 0 1 1 1 1 0 0
 0 0 0 0 1 1 1 1 1 0 0 1 0 0 1 1 1 0 1 0 1 1 1 0 1 1 0 1 0 1 1 1 1 0 1 1 0
 0 0 0 0 0 1 1 1 0 0 1 0 1 0 0 1 1 1 1 1 1 1 1 0 1 1 0 0 0 1 1 1 1 1 0 1 1
 1 1 1 1 1 1 1 1 1 1 0 1 1 1 0 0 0 1 1 0 0 1 1 1 0 1 1 0 0 1 1 0 1 0 0 1 0
 1 0 0 1 1 1 1 1 0 0 1 1 0 1 1 1 1 0 0 0 1 1 1 0 0 0 1 1 1 1 1 0 0 0 1 1 0
 1 1 0 1 0 1 1 0 1 1 1 1 1 1 1 1 1 1 1 1 0 1 1 0 0 0 1 1 1 1 1 1 0 0 1 0 0
 1 1 0 1 1 1 0 0 0 1 1 1 0 1 1 1 1 1 1 1 0 1 0 1 1 1 1 1 0 1 1 0 1 0 1 1 1
 0 0 1 1 0 0 1 1 0 1 1 1 0 1 1 1 1 0 1 0 1 1 1 1 0 1 1 1 1 1 0 1 1 0 1 0 1
 0 1 1 1 1 0 1 1 0 0 0 1 1 0 0 0 0 0 1 1 0 1 1 1 1 1 0 0 1 1 1 0 1 1 1 1 0
 1 0 0 1 1 1 0 0 0 1 1 1 1 1 0 1 0 0 1 1 1 1 1 1 0 1 1 1 0 0 1 1 1 1 0 1 1
 0 1 1 0 0 1 1 1 1 1 1 1 1 1 0 0 1 1 1 1 1 1 0 1 1 0 0 0 0 1 1 1 1 0 0 1 0
 0 0 0 1 1 1 1 1 1 1 0 1 1 1 1 0 1 1 0 1 1 1 1 1 1 1 0 0 0 0 1 1 1 1 1 1 0
 1 0 1 1 1 1 1 0 0 1 0 0 1 0 1 1 1 1 1 1 1 0 1 1 0 1 1 1 1 1 1 1 0 0 1 1 0
 0 1 1 1 1 0 1 1 1 1 1 0 1 0 1 1 0 0 1 1 0 0 1 1 1 1 0 0 1 0 0 1 1 0 0 0 1
 1 1 1 0 1 1 1 0 0 1 1 1 1 1 1 1 1 1 1 1 0 0 0 1 1 0 0 1 0 1 1 0 0 1 1 1 1
 1 0 1 1 1 0 0 0 1 1 1 0 1 1 1 1 1 1 0 0 1 1 1 0 0 0 0 0 0 0 1 0 1 0 1 1 1
 0 1 1 0 1 1 1 1 0 1 0 1 1]","[  0   1   2   3   4   5   7   9  10  11  12  15  16  17  19  21  22  24
  27  28  32  34  35  36  37  39  40  41  43  45  46  47  50  53  55  56
  57  58  59  61  62  63  65  66  68  69  70  72  73  74  77  79  81  83
  86  87  92  94  95  96  97  99 100 101 102 103 105 106 109 110 111 112
 114 115 116 118 120 121 122 127 128 129 130 131 133 136 138 139 140 141
 142 143 147 148 152 154 155 159 160 161 163 165 166 167 168 169 172 173
 174 176 177 179 180 181 182 189 190 191 192 193 196 199 200 201 203 205
 206 207 209 210 212 214 215 216 217 219 220 227 228 229 232 234 237 238
 239 240 241 242 243 244 246 247 251 252 253 254 255 257 258 259 260 261
 262 263 264 265 266 267 268 270 271 272 276 277 280 281 282 284 285 288
 289 291 294 296 299 300 301 302 303 306 307 309 310 311 312 316 317 318
 322 323 324 325 326 330 331 333 334 336 338 339 341 342 343 344 345 346
 347 348 349 350 351 352 354 355 359 360 361 362 363 364 367 370 371 373
 374 375 379 380 381 383 384 385 386 387 388 389 391 393 394 395 396 397
 399 400 402 404 405 406 409 410 413 414 416 417 418 420 421 422 423 425
 427 428 429 430 432 433 434 435 436 438 439 441 443 445 446 447 448 450
 451 455 456 462 463 465 466 467 468 469 472 473 474 476 477 478 479 481
 484 485 486 490 491 492 493 494 496 499 500 501 502 503 504 506 507 508
 511 512 513 514 516 517 519 520 523 524 525 526 527 528 529 530 531 534
 535 536 537 538 539 541 542 547 548 549 550 553 558 559 560 561 562 563
 564 566 567 568 569 571 572 574 575 576 577 578 579 580 585 586 587 588
 589 590 592 594 595 596 597 598 601 604 606 607 608 609 610 611 612 614
 615 617 618 619 620 621 622 623 626 627 630 631 632 633 635 636 637 638
 639 641 643 644 647 648 651 652 653 654 657 660 661 665 666 667 668 670
 671 672 675 676 677 678 679 680 681 682 683 684 685 689 690 693 695 696
 699 700 701 702 703 705 706 707 711 712 713 715 716 717 718 719 720 723
 724 725 733 735 737 738 739 741 742 744 745 746 747 749 751 752]",0.9473684210526315,2.552518844604492
3,"[1 0 1 1 1 1 0 0 0 1 1 0 1 1 1 0 0 0 0 0 1 0 1 1 0 0 1 0 0 1 1 0 0 0 1 1 1
 0 0 0 1 0 0 1 0 0 1 0 1 1 1 0 0 1 0 1 1 0 1 0 1 0 1 1 0 0 1 0 1 1 0 1 1 1
 1 0 0 1 1 1 1 1 1 0 0 1 0 0 1 1 1 0 0 1 0 1 0 0 1 1 1 0 1 1 0 0 1 1 1 1 1
 0 1 0 1 1 1 1 0 1 1 1 1 1 1 1 0 1 1 0 1 0 0 0 0 0 1 1 1 1 0 0 1 1 1 0 1 1
 1 1 1 1 1 0 1 1 1 0 0 0 0 1 1 0 1 1 1 0 1 1 1 1 1 1 1 1 0 1 0 0 0 1 0 1 1
 0 1 0 0 1 0 1 0 1 1 0 0 1 1 1 1 1 0 0 0 0 1 0 0 0 0 1 0 0 0 0 0 1 0 0 0 0
 1 0 1 1 1 1 1 1 1 1 1 0 0 1 0 0 0 0 1 1 0 0 0 0 0 1 1 1 0 1 1 0 1 1 1 0 1
 1 1 1 1 1 1 0 0 1 0 1 1 0 0 1 0 0 1 1 1 1 1 1 0 0 1 0 1 0 1 1 0 0 0 1 1 0
 0 1 1 1 1 1 1 0 0 1 1 0 1 1 0 0 1 1 1 1 0 1 0 0 1 1 1 1 1 0 0 1 0 1 1 0 1
 1 1 1 0 0 0 0 1 0 0 1 0 1 1 0 0 1 0 1 0 1 0 1 1 1 0 1 1 1 1 0 1 1 1 1 1 1
 0 0 0 1 0 1 0 1 0 0 0 1 1 0 1 0 1 1 0 1 1 1 0 1 0 0 1 1 0 0 0 0 1 0 0 0 0
 1 1 0 0 1 1 1 1 1 0 0 1 0 1 0 1 1 0 0 1 0 1 0 1 1 1 1 0 1 1 0 0 1 1 0 0 1
 1 1 0 0 1 1 1 0 1 1 0 1 0 0 0 1 0 1 0 1 0 1 1 1 1 1 1 1 1 1 1 0 1 0 1 1 1
 1 1 1 1 0 0 1 1 1 1 0 0 1 1 0 1 1 0 0 0 0 1 1 1 1 1 0 0 1 0 1 0 1 0 0 0 1
 1 0 1 1 0 1 0 1 0 1 0 1 0 1 0 1 1 0 1 0 1 1 1 0 1 1 1 1 0 1 0 0 1 0 0 1 0
 1 0 1 0 1 1 0 0 0 0 0 1 1 0 0 1 1 0 0 0 1 0 1 0 0 0 0 1 0 0 0 1 1 1 1 0 1
 0 1 1 1 0 1 1 0 0 1 1 1 1 1 0 0 1 1 1 1 1 1 0 1 0 1 1 1 0 0 1 1 1 1 0 0 0
 1 1 0 0 0 0 1 0 1 0 1 1 0 0 0 1 0 1 1 1 0 1 0 1 1 1 0 0 0 1 0 1 1 1 0 1 1
 0 1 0 1 0 0 1 1 0 1 1 0 0 0 0 1 1 0 1 0 1 0 0 1 1 1 1 0 1 1 1 1 1 1 0 1 1
 1 1 1 1 0 1 1 1 1 0 0 0 0 0 0 0 1 0 0 1 1 1 1 0 0 0 1 0 0 1 0 0 0 0 0 1 0
 1 1 1 0 1 1 1 1 1 0 1 1 1]","[  0   2   3   4   5   9  10  12  13  14  20  22  23  26  29  30  34  35
  36  40  43  46  48  49  50  53  55  56  58  60  62  63  66  68  69  71
  72  73  74  77  78  79  80  81  82  85  88  89  90  93  95  98  99 100
 102 103 106 107 108 109 110 112 114 115 116 117 119 120 121 122 123 124
 125 127 128 130 136 137 138 139 142 143 144 146 147 148 149 150 151 152
 154 155 156 161 162 164 165 166 168 169 170 171 172 173 174 175 177 181
 183 184 186 189 191 193 194 197 198 199 200 201 206 211 217 222 224 225
 226 227 228 229 230 231 232 235 240 241 247 248 249 251 252 254 255 256
 258 259 260 261 262 263 264 267 269 270 273 276 277 278 279 280 281 284
 286 288 289 293 294 297 298 299 300 301 302 305 306 308 309 312 313 314
 315 317 320 321 322 323 324 327 329 330 332 333 334 335 340 343 345 346
 349 351 353 355 356 357 359 360 361 362 364 365 366 367 368 369 373 375
 377 381 382 384 386 387 389 390 391 393 396 397 402 407 408 411 412 413
 414 415 418 420 422 423 426 428 430 431 432 433 435 436 439 440 443 444
 445 448 449 450 452 453 455 459 461 463 465 466 467 468 469 470 471 472
 473 474 476 478 479 480 481 482 483 484 487 488 489 490 493 494 496 497
 502 503 504 505 506 509 511 513 517 518 520 521 523 525 527 529 531 533
 534 536 538 539 540 542 543 544 545 547 550 553 555 557 559 560 566 567
 570 571 575 577 582 586 587 588 589 591 593 594 595 597 598 601 602 603
 604 605 608 609 610 611 612 613 615 617 618 619 622 623 624 625 629 630
 635 637 639 640 644 646 647 648 650 652 653 654 658 660 661 662 664 665
 667 669 672 673 675 676 681 682 684 686 689 690 691 692 694 695 696 697
 698 699 701 702 703 704 705 706 708 709 710 711 719 722 723 724 725 729
 732 738 740 741 742 744 745 746 747 748 750 751 752]",0.9210526315789473,7.467902660369873
5,"[0 1 1 0 0 0 1 1 1 1 0 0 1 0 0 1 0 1 0 0 1 1 1 1 0 1 0 0 0 0 0 0 1 0 0 0 0
 0 0 1 1 0 1 1 1 0 1 0 1 1 1 0 1 0 0 0 1 0 1 1 1 0 1 1 1 1 1 1 0 0 0 1 1 1
 0 0 0 0 0 0 1 0 0 0 0 0 1 0 0 0 1 1 0 0 0 0 0 1 0 0 0 1 0 1 1 1 0 1 1 1 1
 1 1 0 1 0 1 1 1 1 1 1 1 1 1 1 0 1 1 0 1 0 0 0 1 1 1 0 1 0 1 1 1 1 0 0 1 1
 1 1 1 1 1 1 1 0 0 1 1 1 1 1 0 1 0 0 1 1 1 1 1 1 1 0 1 1 0 0 1 0 1 1 0 1 1
 1 1 0 1 1 1 0 1 1 1 1 0 1 1 0 1 1 1 1 0 1 1 1 0 0 0 1 1 1 1 0 0 1 1 0 0 1
 0 1 1 0 1 1 1 0 0 1 1 0 1 0 1 1 1 1 0 0 0 1 0 1 0 1 1 1 1 1 1 1 1 1 0 1 1
 1 1 1 1 1 1 0 1 1 1 1 1 0 0 0 1 1 1 1 1 1 0 0 1 0 0 0 1 1 0 0 0 1 1 0 0 0
 1 0 0 1 0 1 1 1 0 0 1 1 1 0 0 1 0 1 1 0 1 0 0 1 0 1 0 1 0 1 0 1 0 1 0 1 1
 1 0 0 0 0 0 1 0 0 1 1 1 0 1 1 0 0 0 1 1 0 1 0 0 1 0 0 1 0 0 0 1 1 0 1 1 1
 1 0 0 1 0 1 0 0 1 0 1 1 1 0 1 1 1 1 0 1 0 1 1 0 0 1 1 1 0 1 1 0 1 1 1 1 0
 0 0 1 1 1 0 1 1 1 0 0 0 1 1 1 1 0 1 0 0 0 1 1 1 0 1 1 1 1 0 1 1 1 0 0 0 0
 1 1 1 0 0 1 0 1 1 1 0 1 1 1 1 1 1 1 0 0 1 1 0 0 0 0 0 0 0 1 0 1 1 1 1 0 0
 0 0 1 1 0 0 0 0 1 1 1 1 1 1 1 0 0 1 0 0 1 1 1 0 0 0 0 0 1 1 0 1 1 1 0 1 0
 0 1 0 1 1 0 1 0 0 0 1 0 0 0 1 1 0 1 0 1 1 1 0 1 0 0 1 0 1 1 1 1 1 1 1 1 1
 1 1 1 1 1 1 1 0 1 1 1 1 1 1 1 1 0 0 0 0 1 1 1 1 1 0 1 1 0 1 0 1 0 0 1 0 0
 0 1 0 0 0 0 1 0 1 1 0 1 1 0 1 1 1 0 1 1 1 0 1 1 1 0 0 1 1 1 0 1 1 1 1 0 1
 0 0 0 0 1 1 0 1 1 1 1 0 1 1 0 1 0 0 1 1 1 1 0 1 1 1 0 1 0 1 1 1 1 0 1 1 1
 0 0 0 0 0 1 0 0 1 1 1 0 1 1 1 1 0 0 1 0 0 0 1 1 0 1 1 1 1 0 1 1 1 0 0 1 0
 1 0 0 1 1 1 1 1 1 1 0 1 1 0 1 0 1 1 0 1 0 1 0 1 0 0 0 1 1 0 0 1 1 1 0 0 1
 1 0 0 0 1 0 1 0 0 1 0 1 0]","[  1   2   6   7   8   9  12  15  17  20  21  22  23  25  32  39  40  42
  43  44  46  48  49  50  52  56  58  59  60  62  63  64  65  66  67  71
  72  73  80  86  90  91  97 101 103 104 105 107 108 109 110 111 112 114
 116 117 118 119 120 121 122 123 124 125 127 128 130 134 135 136 138 140
 141 142 143 146 147 148 149 150 151 152 153 154 157 158 159 160 161 163
 166 167 168 169 170 171 172 174 175 178 180 181 183 184 185 186 188 189
 190 192 193 194 195 197 198 200 201 202 203 205 206 207 211 212 213 214
 217 218 221 223 224 226 227 228 231 232 234 236 237 238 239 243 245 247
 248 249 250 251 252 253 254 255 257 258 259 260 261 262 263 264 266 267
 268 269 270 274 275 276 277 278 279 282 286 287 291 292 296 299 301 302
 303 306 307 308 311 313 314 316 319 321 323 325 327 329 331 332 333 339
 342 343 344 346 347 351 352 354 357 360 364 365 367 368 369 370 373 375
 378 380 381 382 384 385 386 387 389 391 392 395 396 397 399 400 402 403
 404 405 409 410 411 413 414 415 419 420 421 422 424 428 429 430 432 433
 434 435 437 438 439 444 445 446 449 451 452 453 455 456 457 458 459 460
 461 464 465 473 475 476 477 478 483 484 489 490 491 492 493 494 495 498
 501 502 503 509 510 512 513 514 516 519 521 522 524 528 532 533 535 537
 538 539 541 544 546 547 548 549 550 551 552 553 554 555 556 557 558 559
 560 561 563 564 565 566 567 568 569 570 575 576 577 578 579 581 582 584
 586 589 593 598 600 601 603 604 606 607 608 610 611 612 614 615 616 619
 620 621 623 624 625 626 628 633 634 636 637 638 639 641 642 644 647 648
 649 650 652 653 654 656 658 659 660 661 663 664 665 671 674 675 676 678
 679 680 681 684 688 689 691 692 693 694 696 697 698 701 703 706 707 708
 709 710 711 712 714 715 717 719 720 722 724 726 730 731 734 735 736 739
 740 744 746 749 751]",0.9342105263157895,10.659592390060425
7,"[0 0 0 1 1 1 1 0 1 0 0 1 0 0 1 1 1 1 1 0 1 1 0 1 0 0 1 1 0 1 0 1 1 1 1 1 0
 0 1 0 1 0 0 0 1 1 1 0 0 1 1 1 1 0 0 1 0 1 1 1 0 1 1 1 1 0 1 1 1 0 1 1 1 0
 0 1 0 1 1 0 1 1 0 0 1 0 1 0 1 0 0 1 0 1 1 1 1 1 1 0 1 1 1 1 0 0 1 0 1 1 0
 1 1 1 1 1 0 1 1 1 1 0 0 0 1 1 1 0 1 0 0 1 1 0 0 1 0 1 1 0 1 1 0 0 0 1 1 0
 0 0 1 0 1 1 1 1 0 1 1 0 1 0 1 1 0 0 1 1 0 1 1 1 1 1 1 1 1 1 1 1 1 0 1 0 0
 1 1 1 0 0 0 1 1 0 1 0 0 0 0 1 1 0 1 0 1 1 0 1 0 0 1 1 1 0 1 0 0 1 1 1 1 1
 1 0 1 1 1 0 0 1 1 1 1 0 0 1 0 1 0 1 1 1 1 0 1 1 1 0 1 0 0 1 1 1 1 1 1 1 1
 1 1 0 0 1 1 0 1 1 1 1 1 1 0 1 1 1 1 0 1 1 1 1 1 0 0 1 0 1 0 1 1 0 1 1 1 1
 1 1 1 1 0 1 1 1 0 1 1 0 1 1 1 0 1 1 0 0 1 1 1 1 1 1 0 0 0 1 1 0 0 1 1 1 0
 1 1 0 0 1 1 0 1 1 1 1 1 1 1 1 0 1 1 1 1 1 1 1 1 1 1 1 1 1 0 1 0 1 1 0 1 0
 1 1 1 0 0 1 1 1 1 1 0 0 0 1 1 1 1 1 1 1 1 0 1 1 1 1 1 1 0 0 0 1 1 0 1 0 0
 1 0 0 0 0 1 0 1 1 0 1 0 1 0 0 1 1 1 1 1 1 1 1 1 1 1 1 0 1 1 1 1 0 1 0 1 0
 0 1 0 1 1 0 1 0 0 1 0 0 1 1 0 0 0 1 0 1 1 0 1 1 1 0 1 1 1 1 1 1 0 1 1 0 1
 1 0 1 0 1 0 1 1 1 1 1 1 1 1 1 1 1 0 0 1 0 0 0 1 1 1 0 1 1 1 0 0 1 0 0 1 1
 1 1 1 0 0 1 1 1 1 0 0 1 0 1 1 0 1 1 1 1 1 1 0 0 1 1 0 1 1 1 1 1 1 1 1 0 0
 1 0 1 1 0 1 1 0 0 0 0 0 1 0 0 1 0 1 1 0 1 0 1 0 0 0 0 1 1 0 1 1 0 0 0 1 1
 1 0 0 1 1 1 1 1 0 0 1 1 1 1 1 0 1 0 0 0 1 1 1 1 1 1 1 1 0 1 0 1 0 0 1 1 1
 1 1 1 1 1 1 1 1 1 0 1 0 1 0 1 0 0 1 1 0 1 1 1 1 0 1 1 1 0 1 0 1 1 1 1 1 1
 1 1 1 1 1 1 1 1 1 1 1 0 1 1 1 1 1 1 1 1 1 1 1 1 1 1 0 0 1 1 1 0 1 1 1 1 1
 0 1 0 1 1 1 0 0 0 1 1 0 1 0 1 1 1 1 1 1 1 0 1 1 1 0 1 0 1 0 1 0 0 0 1 0 1
 1 0 1 0 0 1 0 1 1 1 1 1 0]","[  3   4   5   6   8  11  14  15  16  17  18  20  21  23  26  27  29  31
  32  33  34  35  38  40  44  45  46  49  50  51  52  55  57  58  59  61
  62  63  64  66  67  68  70  71  72  75  77  78  80  81  84  86  88  91
  93  94  95  96  97  98 100 101 102 103 106 108 109 111 112 113 114 115
 117 118 119 120 124 125 126 128 131 132 135 137 138 140 141 145 146 150
 152 153 154 155 157 158 160 162 163 166 167 169 170 171 172 173 174 175
 176 177 178 179 180 182 185 186 187 191 192 194 199 200 202 204 205 207
 210 211 212 214 217 218 219 220 221 222 224 225 226 229 230 231 232 235
 237 239 240 241 242 244 245 246 248 251 252 253 254 255 256 257 258 259
 260 263 264 266 267 268 269 270 271 273 274 275 276 278 279 280 281 282
 285 287 289 290 292 293 294 295 296 297 298 299 301 302 303 305 306 308
 309 310 312 313 316 317 318 319 320 321 325 326 329 330 331 333 334 337
 338 340 341 342 343 344 345 346 347 349 350 351 352 353 354 355 356 357
 358 359 360 361 363 365 366 368 370 371 372 375 376 377 378 379 383 384
 385 386 387 388 389 390 392 393 394 395 396 397 401 402 404 407 412 414
 415 417 419 422 423 424 425 426 427 428 429 430 431 432 433 435 436 437
 438 440 442 445 447 448 450 453 456 457 461 463 464 466 467 468 470 471
 472 473 474 475 477 478 480 481 483 485 487 488 489 490 491 492 493 494
 495 496 497 500 504 505 506 508 509 510 513 516 517 518 519 520 523 524
 525 526 529 531 532 534 535 536 537 538 539 542 543 545 546 547 548 549
 550 551 552 555 557 558 560 561 567 570 572 573 575 577 582 583 585 586
 590 591 592 595 596 597 598 599 602 603 604 605 606 608 612 613 614 615
 616 617 618 619 621 623 626 627 628 629 630 631 632 633 634 635 636 637
 639 641 643 646 647 649 650 651 652 654 655 656 658 660 661 662 663 664
 665 666 667 668 669 670 671 672 673 674 675 676 678 679 680 681 682 683
 684 685 686 687 688 689 690 691 694 695 696 698 699 700 701 702 704 706
 707 708 712 713 715 717 718 719 720 721 722 723 725 726 727 729 731 733
 737 739 740 742 745 747 748 749 750 751]",0.9473684210526315,14.17693018913269
9,"[1 1 1 0 0 1 1 1 1 0 0 1 0 1 0 0 0 1 1 0 0 1 0 1 0 0 1 0 1 1 1 1 1 0 0 1 1
 1 1 1 1 0 1 1 0 1 1 1 1 0 1 0 0 0 0 1 1 1 1 1 1 1 1 0 1 1 0 1 0 1 1 0 1 0
 0 1 1 1 1 1 1 1 0 1 1 1 0 1 1 0 0 1 0 0 1 1 1 0 0 0 1 1 1 0 0 1 1 1 1 1 0
 1 1 1 0 1 1 1 1 0 0 1 1 1 0 0 0 1 1 1 1 1 1 0 1 1 1 1 1 0 1 1 1 1 1 1 1 0
 1 1 1 0 0 0 1 1 1 0 1 0 1 1 1 0 1 1 1 1 0 0 1 1 0 1 1 0 0 0 0 0 1 1 0 1 1
 1 0 1 1 1 0 0 0 0 0 1 1 1 0 0 1 1 1 1 0 0 0 1 1 1 1 1 0 1 1 1 1 0 0 1 1 0
 0 1 0 1 0 0 1 0 1 0 1 0 1 1 0 0 1 1 1 1 0 1 1 1 1 0 0 0 0 0 0 0 0 0 0 1 0
 0 0 1 0 0 0 1 0 1 1 0 1 1 1 0 1 0 1 1 0 1 1 1 1 1 0 0 1 1 1 0 1 0 1 1 1 1
 1 0 1 1 0 1 1 1 0 1 1 1 1 1 0 0 0 0 0 1 1 1 0 1 1 1 1 1 1 0 1 1 1 0 0 0 0
 1 0 1 0 0 1 1 0 0 1 0 1 0 0 1 1 0 1 1 1 1 1 1 0 1 0 0 1 1 0 1 1 1 0 1 1 1
 1 1 1 1 1 1 0 0 0 1 1 1 1 1 0 1 0 1 1 0 1 1 1 1 1 1 1 0 0 1 1 1 1 1 0 0 0
 0 1 1 1 1 0 1 1 1 1 1 0 0 1 0 1 1 0 1 1 0 1 0 1 0 0 0 1 0 1 1 0 1 0 0 1 0
 1 0 1 1 0 0 1 0 1 1 1 1 0 1 1 1 1 1 0 1 0 0 0 1 1 0 1 1 0 0 1 0 1 0 0 1 0
 0 1 1 1 1 0 0 1 0 1 1 0 1 1 1 1 1 0 0 0 0 1 0 0 1 1 1 1 1 1 1 1 0 1 1 1 1
 1 0 1 0 0 1 0 1 1 1 1 1 0 1 1 0 0 1 1 1 0 1 0 1 1 1 0 0 0 1 1 1 0 1 1 0 1
 1 0 1 1 0 1 0 0 0 0 1 1 1 1 0 1 1 1 0 1 0 0 0 1 1 0 0 0 1 0 1 1 1 1 1 1 1
 0 0 1 1 0 1 1 1 0 0 1 0 0 1 1 0 0 0 1 0 1 1 1 0 1 0 1 0 0 0 1 0 1 1 1 0 1
 1 0 0 0 1 1 1 1 1 1 0 0 1 1 0 1 0 1 0 1 1 0 1 0 1 0 1 0 1 0 0 0 0 0 1 0 1
 1 1 0 0 1 0 1 0 1 1 1 0 1 1 1 0 0 0 0 1 1 1 0 1 1 1 1 1 1 1 1 0 1 1 1 0 1
 1 1 0 0 1 1 1 1 0 0 0 0 1 1 0 1 1 1 0 1 1 0 1 1 0 0 1 0 0 0 0 1 1 0 1 1 1
 1 0 1 1 1 1 0 0 1 1 0 1 1]","[  0   1   2   5   6   7   8  11  13  17  18  21  23  26  28  29  30  31
  32  35  36  37  38  39  40  42  43  45  46  47  48  50  55  56  57  58
  59  60  61  62  64  65  67  69  70  72  75  76  77  78  79  80  81  83
  84  85  87  88  91  94  95  96 100 101 102 105 106 107 108 109 111 112
 113 115 116 117 118 121 122 123 127 128 129 130 131 132 134 135 136 137
 138 140 141 142 143 144 145 146 148 149 150 154 155 156 158 160 161 162
 164 165 166 167 170 171 173 174 180 181 183 184 185 187 188 189 195 196
 197 200 201 202 203 207 208 209 210 211 213 214 215 216 219 220 223 225
 228 230 232 234 235 238 239 240 241 243 244 245 246 257 261 265 267 268
 270 271 272 274 276 277 279 280 281 282 283 286 287 288 290 292 293 294
 295 296 298 299 301 302 303 305 306 307 308 309 315 316 317 319 320 321
 322 323 324 326 327 328 333 335 338 339 342 344 347 348 350 351 352 353
 354 355 357 360 361 363 364 365 367 368 369 370 371 372 373 374 375 379
 380 381 382 383 385 387 388 390 391 392 393 394 395 396 399 400 401 402
 403 408 409 410 411 413 414 415 416 417 420 422 423 425 426 428 430 434
 436 437 439 442 444 446 447 450 452 453 454 455 457 458 459 460 461 463
 467 468 470 471 474 476 479 482 483 484 485 488 490 491 493 494 495 496
 497 502 505 506 507 508 509 510 511 512 514 515 516 517 518 520 523 525
 526 527 528 529 531 532 535 536 537 539 541 542 543 547 548 549 551 552
 554 555 557 558 560 565 566 567 568 570 571 572 574 578 579 583 585 586
 587 588 589 590 591 594 595 597 598 599 602 605 606 610 612 613 614 616
 618 622 624 625 626 628 629 633 634 635 636 637 638 641 642 644 646 648
 649 651 653 655 657 663 665 666 667 670 672 674 675 676 678 679 680 685
 686 687 689 690 691 692 693 694 695 696 698 699 700 702 703 704 707 708
 709 710 715 716 718 719 720 722 723 725 726 729 734 735 737 738 739 740
 742 743 744 745 748 749 751 752]",0.9473684210526315,20.281017065048218
11,"[1 1 1 1 1 1 1 0 0 1 0 1 0 0 0 1 0 1 0 0 1 0 0 1 1 1 1 1 0 1 0 0 1 0 1 0 1
 1 0 1 1 0 1 0 1 1 1 0 1 1 1 0 0 0 1 0 0 1 0 1 0 0 1 1 1 1 1 0 0 1 0 0 1 1
 1 0 1 1 0 1 0 0 1 1 1 1 1 0 1 0 0 1 1 1 0 1 0 1 1 0 1 0 1 0 1 1 0 1 0 1 0
 1 0 0 0 1 1 1 1 0 1 0 1 1 0 0 0 1 1 1 1 0 0 0 1 1 0 1 0 0 0 1 1 0 1 1 0 1
 1 0 1 1 1 0 1 1 0 1 1 1 1 1 1 1 1 1 1 0 1 1 1 0 1 0 1 1 0 0 0 0 1 1 0 0 1
 0 1 1 1 1 1 0 0 1 1 0 1 0 0 1 0 1 1 0 0 0 0 1 1 0 1 1 1 1 1 1 0 1 0 1 1 1
 0 1 1 1 1 0 0 1 0 1 1 1 0 1 1 1 1 1 1 0 1 1 0 1 0 0 0 0 1 0 1 0 1 0 1 0 1
 1 0 1 1 1 0 1 0 1 1 1 1 1 0 1 0 1 1 1 0 0 1 1 1 1 1 0 1 0 0 1 1 1 0 1 1 0
 1 1 0 1 0 1 0 1 1 0 0 1 1 0 1 0 0 0 0 0 0 1 1 1 0 1 0 1 1 0 1 1 1 0 1 0 1
 0 1 1 1 0 0 0 1 1 1 1 0 0 1 1 0 0 1 1 1 1 1 0 0 1 1 0 1 1 0 1 0 1 0 1 1 0
 1 1 0 0 1 1 0 1 1 1 1 0 1 0 1 1 1 1 1 1 1 0 1 0 1 1 1 1 0 1 1 0 0 1 1 1 0
 0 1 1 0 1 0 0 1 1 1 0 1 1 1 1 0 1 1 1 1 0 0 1 0 1 0 1 0 1 1 1 1 1 1 1 1 0
 0 1 0 1 1 0 1 0 1 1 1 1 0 0 1 1 1 1 1 1 0 1 0 0 1 1 1 1 1 0 1 0 1 0 1 1 1
 1 0 1 1 0 1 1 0 1 1 1 1 1 0 1 1 1 1 0 1 1 0 1 1 1 1 1 1 1 1 1 1 0 0 1 1 0
 1 0 1 1 0 1 0 1 1 1 0 1 1 0 1 1 0 0 1 1 1 1 0 1 0 0 1 0 1 1 0 1 0 0 1 0 0
 1 1 0 0 1 1 0 1 1 0 1 1 1 0 1 1 1 1 1 1 0 1 0 0 0 0 0 1 0 1 0 1 1 0 1 0 1
 0 0 0 1 0 1 1 0 1 0 0 1 0 1 1 1 1 0 1 0 1 0 1 1 0 1 1 0 1 1 0 1 0 1 0 1 0
 1 1 1 1 0 1 1 1 0 1 0 0 1 0 0 0 1 1 0 0 1 1 0 1 0 1 1 1 0 0 1 1 0 1 1 0 1
 1 1 1 1 0 1 1 1 1 0 1 0 1 1 1 0 1 1 1 0 1 1 0 0 0 0 1 1 1 1 1 0 1 1 1 1 1
 1 0 1 1 0 0 0 1 0 0 0 0 1 1 1 1 1 1 0 0 1 0 0 1 1 0 1 1 1 1 1 1 1 1 0 1 1
 0 1 0 1 1 0 1 1 0 0 1 1 0]","[  0   1   2   3   4   5   6   9  11  15  17  20  23  24  25  26  27  29
  32  34  36  37  39  40  42  44  45  46  48  49  50  54  57  59  62  63
  64  65  66  69  72  73  74  76  77  79  82  83  84  85  86  88  91  92
  93  95  97  98 100 102 104 105 107 109 111 115 116 117 118 120 122 123
 127 128 129 130 134 135 137 141 142 144 145 147 148 150 151 152 154 155
 157 158 159 160 161 162 163 164 165 166 168 169 170 172 174 175 180 181
 184 186 187 188 189 190 193 194 196 199 201 202 207 208 210 211 212 213
 214 215 217 219 220 221 223 224 225 226 229 231 232 233 235 236 237 238
 239 240 242 243 245 250 252 254 256 258 259 261 262 263 265 267 268 269
 270 271 273 275 276 277 280 281 282 283 284 286 289 290 291 293 294 296
 297 299 301 303 304 307 308 310 317 318 319 321 323 324 326 327 328 330
 332 334 335 336 340 341 342 343 346 347 350 351 352 353 354 357 358 360
 361 363 365 367 368 370 371 374 375 377 378 379 380 382 384 385 386 387
 388 389 390 392 394 395 396 397 399 400 403 404 405 408 409 411 414 415
 416 418 419 420 421 423 424 425 426 429 431 433 435 436 437 438 439 440
 441 442 445 447 448 450 452 453 454 455 458 459 460 461 462 463 465 468
 469 470 471 472 474 476 478 479 480 481 483 484 486 487 489 490 491 492
 493 495 496 497 498 500 501 503 504 505 506 507 508 509 510 511 512 515
 516 518 520 521 523 525 526 527 529 530 532 533 536 537 538 539 541 544
 546 547 549 552 555 556 559 560 562 563 565 566 567 569 570 571 572 573
 574 576 582 584 586 587 589 591 595 597 598 600 603 605 606 607 608 610
 612 614 615 617 618 620 621 623 625 627 629 630 631 632 634 635 636 638
 641 645 646 649 650 652 654 655 656 659 660 662 663 665 666 667 668 669
 671 672 673 674 676 678 679 680 682 683 684 686 687 692 693 694 695 696
 698 699 700 701 702 703 705 706 710 715 716 717 718 719 720 723 726 727
 729 730 731 732 733 734 735 736 738 739 741 743 744 746 747 750 751]",0.9473684210526315,34.60979890823364
13,"[1 1 1 0 0 1 0 1 1 1 0 0 1 0 1 0 0 1 1 0 1 0 0 0 1 0 0 1 1 0 0 0 1 1 0 1 1
 1 0 1 0 0 0 0 1 1 1 0 0 1 0 1 0 1 0 0 0 1 1 0 0 1 1 0 0 1 0 0 0 0 1 1 1 0
 1 1 0 0 0 1 0 0 0 1 1 0 1 1 1 1 0 0 1 0 1 1 0 1 1 0 0 1 0 0 1 1 0 1 0 1 1
 1 0 1 0 1 1 0 1 0 1 0 1 1 0 0 1 0 1 1 0 0 0 1 1 1 1 1 0 0 1 1 0 0 0 1 0 1
 0 1 0 1 0 1 1 0 0 1 0 1 0 1 1 1 1 0 1 1 0 1 0 1 1 0 0 0 0 1 1 1 0 0 0 0 0
 0 1 1 0 0 1 1 0 1 1 0 1 0 1 1 1 0 0 1 0 1 1 1 1 1 1 0 0 0 0 1 0 0 1 1 0 0
 0 0 0 1 1 0 1 1 1 0 1 1 1 0 1 1 1 0 1 0 0 0 1 0 0 1 1 0 0 1 1 1 0 1 1 1 0
 1 0 1 0 1 0 1 0 0 1 0 0 0 1 0 1 1 1 0 1 0 0 0 0 1 1 1 0 0 0 0 1 0 1 1 1 0
 1 0 0 0 0 1 0 0 1 0 1 1 0 1 1 1 1 1 0 1 1 1 1 1 1 1 0 1 1 0 0 1 0 1 1 0 0
 0 0 1 0 1 1 1 0 0 1 1 1 0 0 0 1 0 1 0 1 1 0 0 0 1 0 1 1 0 1 1 0 1 1 0 0 1
 1 0 0 1 1 1 1 1 0 0 0 1 0 1 1 0 0 0 1 1 0 0 0 1 0 1 1 0 0 0 1 0 0 0 1 1 1
 0 0 0 0 1 0 0 1 0 0 0 1 1 1 1 1 1 1 0 1 1 1 0 1 1 0 0 0 1 1 1 1 0 0 1 0 0
 0 1 1 1 1 1 0 1 0 1 1 0 0 1 0 0 1 0 0 0 0 0 0 1 1 0 0 0 1 1 1 0 1 1 1 0 1
 1 1 0 0 0 0 0 1 0 1 0 0 1 1 0 0 0 0 0 1 0 1 1 0 1 1 0 0 0 0 1 1 0 1 0 0 1
 0 1 1 0 1 1 0 1 1 1 1 1 1 0 1 1 1 0 1 1 0 1 1 0 1 0 1 0 0 1 0 1 0 1 1 1 1
 0 0 0 1 0 0 1 0 0 0 1 1 1 1 0 1 1 1 1 0 0 1 1 1 0 1 0 1 0 1 1 0 1 0 0 0 0
 1 1 0 0 1 1 1 0 1 1 1 1 1 1 0 0 1 1 0 1 0 1 1 0 1 1 0 0 0 1 1 1 0 1 1 0 1
 0 1 1 0 0 1 0 0 1 0 1 0 1 0 0 1 1 0 0 0 1 1 0 0 0 0 0 0 1 1 1 1 1 1 1 0 1
 1 1 1 0 1 1 1 1 0 0 0 1 0 1 1 1 0 0 0 0 0 0 1 1 0 1 1 0 1 0 0 0 0 0 0 1 0
 0 0 1 0 1 0 1 1 1 0 0 0 1 0 0 0 0 1 0 1 0 1 1 1 0 0 0 1 0 0 1 0 1 1 0 1 0
 0 1 0 1 1 1 1 1 0 0 1 1 0]","[  0   1   2   5   7   8   9  12  14  17  18  20  24  27  28  32  33  35
  36  37  39  44  45  46  49  51  53  57  58  61  62  65  70  71  72  74
  75  79  83  84  86  87  88  89  92  94  95  97  98 101 104 105 107 109
 110 111 113 115 116 118 120 122 123 126 128 129 133 134 135 136 137 140
 141 145 147 149 151 153 154 157 159 161 162 163 164 166 167 169 171 172
 177 178 179 186 187 190 191 193 194 196 198 199 200 203 205 206 207 208
 209 210 215 218 219 225 226 228 229 230 232 233 234 236 237 238 240 244
 247 248 251 252 253 255 256 257 259 261 263 265 268 272 274 275 276 278
 283 284 285 290 292 293 294 296 301 304 306 307 309 310 311 312 313 315
 316 317 318 319 320 321 323 324 327 329 330 335 337 338 339 342 343 344
 348 350 352 353 357 359 360 362 363 365 366 369 370 373 374 375 376 377
 381 383 384 388 389 393 395 396 400 404 405 406 411 414 418 419 420 421
 422 423 424 426 427 428 430 431 435 436 437 438 441 445 446 447 448 449
 451 453 454 457 460 467 468 472 473 474 476 477 478 480 481 482 488 490
 493 494 500 502 503 505 506 511 512 514 517 519 520 522 523 525 526 527
 528 529 530 532 533 534 536 537 539 540 542 544 547 549 551 552 553 554
 558 561 565 566 567 568 570 571 572 573 576 577 578 580 582 584 585 587
 592 593 596 597 598 600 601 602 603 604 605 608 609 611 613 614 616 617
 621 622 623 625 626 628 630 631 634 637 639 641 644 645 649 650 657 658
 659 660 661 662 663 665 666 667 668 670 671 672 673 677 679 680 681 688
 689 691 692 694 701 705 707 709 710 711 715 720 722 724 725 726 730 733
 735 736 738 741 743 744 745 746 747 750 751]",0.9473684210526315,41.039390563964844
15,"[1 0 0 1 0 0 0 0 1 0 0 1 1 1 0 1 1 1 0 0 0 1 1 1 0 1 0 1 0 0 1 1 0 0 1 1 1
 0 0 0 1 1 0 1 1 1 1 0 1 1 1 0 1 1 1 1 0 1 1 1 1 0 0 1 0 1 1 1 1 0 0 0 1 0
 1 0 0 1 1 0 1 0 1 1 1 1 1 0 0 1 1 1 0 1 1 1 1 1 1 1 1 1 0 1 0 0 0 1 0 0 1
 1 1 0 1 0 1 1 1 1 1 1 0 0 1 1 0 1 1 1 1 0 1 1 1 0 1 0 0 1 1 0 1 0 1 1 1 0
 1 0 0 1 1 1 1 1 0 0 1 1 1 1 1 1 1 0 1 1 0 1 1 1 1 0 0 0 1 1 0 1 0 0 1 1 0
 1 1 1 1 1 1 1 1 1 1 0 0 1 1 1 0 1 1 1 0 0 0 0 0 0 0 1 1 0 0 0 0 1 0 1 1 0
 1 1 0 1 1 1 0 0 0 1 1 1 1 1 1 1 0 1 0 1 0 1 1 1 1 1 0 1 1 1 1 0 1 1 0 0 1
 0 1 1 0 1 1 1 1 1 1 1 1 0 0 1 0 1 1 1 1 1 0 0 0 1 1 1 1 1 1 1 1 1 1 1 1 0
 1 1 1 1 0 1 0 1 0 1 1 1 1 1 1 0 1 1 0 1 1 0 0 0 1 0 0 1 1 1 1 0 1 1 0 0 0
 1 0 0 0 1 0 1 1 1 0 1 1 0 0 1 0 1 0 0 1 1 1 0 1 1 1 1 1 0 1 1 1 1 1 1 1 1
 0 1 1 1 0 0 1 1 1 0 1 1 0 0 0 1 0 0 1 0 0 1 0 1 0 1 1 1 0 1 0 1 1 1 1 1 0
 1 0 1 1 1 1 1 0 1 0 1 0 1 1 0 1 1 1 1 1 0 0 1 1 1 1 1 0 1 1 1 1 1 1 1 1 0
 1 0 0 0 1 1 1 0 1 0 1 1 0 0 1 1 1 1 1 1 1 1 0 1 1 1 1 0 1 1 1 1 1 1 1 1 1
 1 1 1 0 1 0 1 1 0 1 0 1 1 1 1 1 1 1 1 1 1 0 0 1 1 1 1 0 1 1 1 1 1 1 1 1 0
 1 1 0 0 0 0 1 0 0 0 1 1 0 1 1 1 0 1 1 0 0 1 0 0 0 0 0 1 0 1 0 1 1 1 1 1 1
 1 1 1 0 0 1 1 1 0 1 1 1 1 1 0 1 1 1 1 1 1 1 1 1 1 1 0 1 0 1 1 0 0 1 0 1 1
 0 1 1 1 1 0 1 0 1 1 1 0 0 0 1 0 1 1 1 1 0 0 1 1 1 0 1 1 0 0 1 0 1 1 1 1 0
 1 0 1 0 0 1 1 1 1 0 1 1 0 1 1 1 1 0 0 1 1 0 0 1 1 0 1 1 1 1 1 0 1 0 0 1 0
 1 1 1 0 0 0 0 1 0 1 1 1 1 1 1 1 1 0 0 1 1 0 1 1 1 0 1 0 1 1 1 0 1 0 0 1 0
 1 1 0 1 1 1 1 0 1 1 0 1 1 0 1 1 1 0 1 0 0 0 0 1 0 1 1 0 1 1 1 0 0 0 1 1 0
 0 0 0 1 0 1 1 1 0 0 1 1 1]","[  0   3   8  11  12  13  15  16  17  21  22  23  25  27  30  31  34  35
  36  40  41  43  44  45  46  48  49  50  52  53  54  55  57  58  59  60
  63  65  66  67  68  72  74  77  78  80  82  83  84  85  86  89  90  91
  93  94  95  96  97  98  99 100 101 103 107 110 111 112 114 116 117 118
 119 120 121 124 125 127 128 129 130 132 133 134 136 139 140 142 144 145
 146 148 151 152 153 154 155 158 159 160 161 162 163 164 166 167 169 170
 171 172 176 177 179 182 183 185 186 187 188 189 190 191 192 193 194 197
 198 199 201 202 203 211 212 217 219 220 222 223 225 226 227 231 232 233
 234 235 236 237 239 241 243 244 245 246 247 249 250 251 252 254 255 258
 260 261 263 264 265 266 267 268 269 270 273 275 276 277 278 279 283 284
 285 286 287 288 289 290 291 292 293 294 296 297 298 299 301 303 305 306
 307 308 309 310 312 313 315 316 320 323 324 325 326 328 329 333 337 339
 340 341 343 344 347 349 352 353 354 356 357 358 359 360 362 363 364 365
 366 367 368 369 371 372 373 376 377 378 380 381 385 388 391 393 395 396
 397 399 401 402 403 404 405 407 409 410 411 412 413 415 417 419 420 422
 423 424 425 426 429 430 431 432 433 435 436 437 438 439 440 441 442 444
 448 449 450 452 454 455 458 459 460 461 462 463 464 465 467 468 469 470
 472 473 474 475 476 477 478 479 480 481 482 483 485 487 488 490 492 493
 494 495 496 497 498 499 500 501 504 505 506 507 509 510 511 512 513 514
 515 516 518 519 524 528 529 531 532 533 535 536 539 545 547 549 550 551
 552 553 554 555 556 557 560 561 562 564 565 566 567 568 570 571 572 573
 574 575 576 577 578 579 580 582 584 585 588 590 591 593 594 595 596 598
 600 601 602 606 608 609 610 611 614 615 616 618 619 622 624 625 626 627
 629 631 634 635 636 637 639 640 642 643 644 645 648 649 652 653 655 656
 657 658 659 661 664 666 667 668 673 675 676 677 678 679 680 681 682 685
 686 688 689 690 692 694 695 696 698 701 703 704 706 707 708 709 711 712
 714 715 717 718 719 721 726 728 729 731 732 733 737 738 743 745 746 747
 750 751 752]",0.9473684210526315,38.387941122055054
17,"[1 0 1 1 0 0 0 1 0 0 1 1 1 0 1 0 1 1 0 1 0 1 1 1 0 1 1 1 1 0 0 0 1 1 0 0 1
 0 1 1 0 0 1 1 0 1 0 0 0 1 1 1 1 0 0 1 0 1 0 0 0 1 0 1 1 1 1 1 0 1 0 1 1 1
 0 1 0 0 0 1 0 0 0 0 0 1 1 0 1 1 1 1 0 1 1 1 1 1 0 1 1 1 1 1 1 0 0 1 1 1 1
 0 0 1 1 1 1 0 1 1 1 0 0 0 1 1 1 1 0 0 1 0 1 1 0 1 1 1 1 1 1 1 1 0 1 0 1 1
 1 1 0 1 1 1 1 1 1 1 0 1 0 1 0 1 1 0 1 1 1 1 0 1 0 1 1 1 0 1 1 0 0 0 0 0 1
 1 0 1 1 1 1 1 0 1 1 0 1 0 1 1 1 1 1 1 1 1 0 1 1 1 1 0 1 1 1 1 1 1 1 1 1 1
 1 1 1 1 1 0 1 1 1 0 0 1 1 1 1 0 0 1 0 1 0 0 1 0 1 0 1 1 1 1 1 1 0 0 1 0 1
 0 1 1 1 1 1 1 0 0 1 1 1 1 1 1 1 1 0 0 1 1 0 1 0 1 1 0 0 0 1 1 1 0 1 1 1 1
 1 0 0 1 0 1 0 1 1 1 0 1 0 1 0 1 0 1 1 1 1 1 1 1 0 1 0 0 1 0 0 1 1 1 1 1 0
 1 1 0 1 1 1 0 1 1 1 1 1 1 0 1 1 1 0 0 1 1 1 1 1 1 0 0 1 1 1 1 0 0 0 1 1 1
 1 1 1 1 0 1 1 1 1 1 0 1 0 1 0 1 1 1 1 0 0 1 0 1 1 1 0 1 1 1 1 0 0 1 1 0 1
 1 1 0 0 1 1 1 0 1 1 1 1 1 1 1 0 1 0 1 0 0 1 1 1 0 0 1 0 1 0 1 1 1 1 0 0 1
 0 1 0 1 0 1 1 0 1 1 0 0 1 0 1 1 0 1 1 0 0 0 0 1 0 1 1 1 1 1 1 0 1 1 1 1 1
 1 1 1 0 0 1 1 0 1 0 1 1 1 1 1 1 1 1 1 0 1 1 0 0 1 1 1 1 0 0 0 0 1 0 0 1 1
 1 1 1 1 0 1 1 1 1 0 0 1 1 1 1 1 0 1 1 0 0 1 0 1 1 0 0 0 1 0 0 0 0 1 1 0 1
 1 0 0 1 0 0 1 1 0 0 1 0 1 1 1 1 1 1 1 1 0 0 1 0 1 1 1 0 0 1 1 1 1 0 1 1 1
 0 1 0 0 0 1 0 0 1 0 1 1 0 0 1 1 1 1 0 1 0 1 0 0 0 1 1 0 1 1 1 1 1 0 1 1 1
 0 1 1 1 1 0 1 0 0 1 1 1 0 1 1 0 1 1 1 1 1 1 1 1 0 1 0 1 0 0 0 0 0 0 1 1 1
 1 1 0 1 1 1 0 1 1 1 0 1 0 1 0 1 1 0 0 1 1 1 0 0 1 1 1 1 0 0 0 1 1 0 1 0 1
 1 0 0 0 0 1 0 0 0 1 0 0 0 0 0 0 0 1 0 1 1 1 0 1 1 0 0 0 1 1 0 1 0 1 1 1 1
 0 1 0 1 1 1 1 1 1 1 0 1 0]","[  0   2   3   7  10  11  12  14  16  17  19  21  22  23  25  26  27  28
  32  33  36  38  39  42  43  45  49  50  51  52  55  57  61  63  64  65
  66  67  69  71  72  73  75  79  85  86  88  89  90  91  93  94  95  96
  97  99 100 101 102 103 104 107 108 109 110 113 114 115 116 118 119 120
 124 125 126 127 130 132 133 135 136 137 138 139 140 141 142 144 146 147
 148 149 151 152 153 154 155 156 157 159 161 163 164 166 167 168 169 171
 173 174 175 177 178 184 185 187 188 189 190 191 193 194 196 198 199 200
 201 202 203 204 205 207 208 209 210 212 213 214 215 216 217 218 219 220
 221 222 223 224 225 226 228 229 230 233 234 235 236 239 241 244 246 248
 249 250 251 252 253 256 258 260 261 262 263 264 265 268 269 270 271 272
 273 274 275 278 279 281 283 284 288 289 290 292 293 294 295 296 299 301
 303 304 305 307 309 311 313 314 315 316 317 318 319 321 324 327 328 329
 330 331 333 334 336 337 338 340 341 342 343 344 345 347 348 349 352 353
 354 355 356 357 360 361 362 363 367 368 369 370 371 372 373 375 376 377
 378 379 381 383 385 386 387 388 391 393 394 395 397 398 399 400 403 404
 406 407 408 411 412 413 415 416 417 418 419 420 421 423 425 428 429 430
 433 435 437 438 439 440 443 445 447 449 450 452 453 456 458 459 461 462
 467 469 470 471 472 473 474 476 477 478 479 480 481 482 483 486 487 489
 491 492 493 494 495 496 497 498 499 501 502 505 506 507 508 513 516 517
 518 519 520 521 523 524 525 526 529 530 531 532 533 535 536 539 541 542
 546 551 552 554 555 558 561 562 565 567 568 569 570 571 572 573 574 577
 579 580 581 584 585 586 587 589 590 591 593 597 600 602 603 606 607 608
 609 611 613 617 618 620 621 622 623 624 626 627 628 630 631 632 633 635
 638 639 640 642 643 645 646 647 648 649 650 651 652 654 656 663 664 665
 666 667 669 670 671 673 674 675 677 679 681 682 685 686 687 690 691 692
 693 697 698 700 702 703 708 712 720 722 723 724 726 727 731 732 734 736
 737 738 739 741 743 744 745 746 747 748 749 751]",0.9605263157894737,38.04174590110779
19,"[1 0 1 0 1 1 1 0 1 0 1 0 1 0 0 0 1 1 0 1 0 1 1 1 0 0 1 1 1 1 1 1 1 0 0 1 1
 1 1 0 0 0 0 1 1 0 1 0 1 0 0 1 1 0 1 1 0 1 0 0 0 1 1 0 0 1 1 0 1 0 0 1 1 1
 1 1 0 1 1 1 1 0 1 1 0 0 0 1 1 1 1 0 1 1 0 1 0 1 0 1 1 1 1 1 1 0 0 1 0 0 1
 0 0 1 1 1 0 1 1 0 1 0 1 1 1 1 0 1 1 1 0 1 1 0 1 1 1 0 1 1 1 0 1 0 1 1 1 1
 1 0 1 0 1 1 1 0 1 1 1 0 0 1 0 1 1 0 1 1 0 1 0 1 0 0 0 1 1 1 1 1 0 1 0 1 1
 1 1 1 0 0 0 1 1 1 1 1 1 1 0 0 0 0 1 0 1 1 0 1 0 0 1 1 1 1 1 1 0 0 1 1 1 1
 0 1 1 1 0 1 1 1 1 0 0 1 0 1 0 1 0 1 1 0 1 0 1 1 1 1 1 0 1 1 1 0 0 0 1 1 0
 1 1 1 1 1 0 1 1 1 0 1 0 1 0 0 0 0 0 1 1 1 1 1 0 1 1 0 0 1 1 1 0 0 1 1 0 0
 0 0 0 0 0 1 0 0 1 1 0 1 0 1 0 1 1 1 1 1 1 0 1 1 1 1 0 1 0 0 1 1 0 1 1 0 1
 0 1 0 1 1 1 0 0 1 0 1 1 1 1 0 1 0 1 0 1 1 0 0 0 1 1 1 0 1 0 1 0 0 0 1 0 1
 1 0 0 1 0 1 1 0 1 1 1 0 0 0 1 1 0 0 1 1 1 1 1 1 1 1 1 1 1 0 1 1 1 0 0 1 0
 1 1 1 0 1 0 1 0 1 0 0 0 1 1 0 1 1 1 1 0 1 0 1 1 1 1 0 1 1 1 1 1 0 1 0 1 1
 1 0 1 0 1 1 1 0 1 0 1 1 0 1 0 1 0 0 1 0 0 1 1 1 1 1 1 0 1 0 1 0 0 1 0 1 1
 1 0 0 0 0 1 1 1 0 0 0 1 1 0 0 1 1 1 0 1 0 0 1 0 1 0 1 0 0 0 0 1 0 1 0 1 1
 1 0 0 1 1 0 1 1 1 0 1 0 0 1 1 0 1 1 1 0 0 1 0 0 1 1 0 1 1 0 1 1 1 1 0 0 1
 0 0 1 1 1 1 1 1 1 1 1 0 0 1 1 1 1 1 1 1 1 1 1 0 0 0 1 1 1 0 1 0 1 0 1 1 1
 1 1 1 0 1 0 0 1 0 1 1 0 1 1 0 1 1 0 0 1 0 1 1 1 0 0 0 0 1 1 1 1 1 1 1 1 1
 1 0 1 0 0 1 1 1 0 0 1 1 1 0 0 0 1 1 1 0 0 1 1 1 1 0 1 0 0 1 1 0 0 1 1 1 1
 1 1 0 0 0 0 1 1 1 1 0 0 1 1 1 0 0 0 1 1 0 1 1 0 0 0 0 1 1 1 0 1 0 1 1 0 1
 1 0 0 0 0 1 1 0 0 1 0 1 0 0 0 0 0 0 1 1 1 1 1 1 1 0 1 1 0 1 1 1 1 1 0 1 1
 0 1 0 1 1 1 1 1 0 1 1 0 1]","[  0   2   4   5   6   8  10  12  16  17  19  21  22  23  26  27  28  29
  30  31  32  35  36  37  38  43  44  46  48  51  52  54  55  57  61  62
  65  66  68  71  72  73  74  75  77  78  79  80  82  83  87  88  89  90
  92  93  95  97  99 100 101 102 103 104 107 110 113 114 115 117 118 120
 122 123 124 125 127 128 129 131 132 134 135 136 138 139 140 142 144 145
 146 147 148 150 152 153 154 156 157 158 161 163 164 166 167 169 171 175
 176 177 178 179 181 183 184 185 186 187 191 192 193 194 195 196 197 202
 204 205 207 210 211 212 213 214 215 218 219 220 221 223 224 225 227 228
 229 230 233 235 237 239 240 242 244 245 246 247 248 250 251 252 256 257
 259 260 261 262 263 265 266 267 269 271 277 278 279 280 281 283 284 287
 288 289 292 293 301 304 305 307 309 311 312 313 314 315 316 318 319 320
 321 323 326 327 329 330 332 334 336 337 338 341 343 344 345 346 348 350
 352 353 357 358 359 361 363 367 369 370 373 375 376 378 379 380 384 385
 388 389 390 391 392 393 394 395 396 397 398 400 401 402 405 407 408 409
 411 413 415 419 420 422 423 424 425 427 429 430 431 432 434 435 436 437
 438 440 442 443 444 446 448 449 450 452 454 455 457 459 462 465 466 467
 468 469 470 472 474 477 479 480 481 486 487 488 492 493 496 497 498 500
 503 505 507 512 514 516 517 518 521 522 524 525 526 528 531 532 534 535
 536 539 542 543 545 546 548 549 550 551 554 557 558 559 560 561 562 563
 564 565 568 569 570 571 572 573 574 575 576 577 581 582 583 585 587 589
 590 591 592 593 594 596 599 601 602 604 605 607 608 611 613 614 615 620
 621 622 623 624 625 626 627 628 629 631 634 635 636 639 640 641 645 646
 647 650 651 652 653 655 658 659 662 663 664 665 666 667 672 673 674 675
 678 679 680 684 685 687 688 693 694 695 697 699 700 702 703 708 709 712
 714 721 722 723 724 725 726 727 729 730 732 733 734 735 736 738 739 741
 743 744 745 746 747 749 750 752]",0.9605263157894737,41.102537631988525
21,"[0 1 0 1 1 0 0 0 0 1 1 0 1 1 1 0 1 0 1 1 1 1 0 0 0 0 1 1 0 0 0 1 1 1 0 1 1
 0 1 0 0 0 0 1 1 0 1 0 1 1 1 1 1 1 0 0 1 1 1 1 1 0 0 1 1 0 0 0 0 1 0 0 1 1
 0 1 1 0 1 1 1 0 1 1 1 0 1 1 0 0 1 1 1 0 0 1 1 1 1 1 1 1 1 1 1 1 1 1 0 0 1
 0 0 1 1 0 1 1 1 1 1 0 1 1 0 0 0 0 1 1 1 1 0 0 0 1 1 0 1 1 1 1 1 0 1 1 1 1
 1 0 0 1 0 0 0 1 0 1 1 0 1 0 0 0 0 1 1 1 0 1 0 0 1 1 1 1 1 1 0 1 1 0 0 0 1
 1 0 1 1 1 0 0 1 1 0 1 0 1 1 0 0 1 1 1 1 1 1 0 0 0 1 1 1 1 0 0 0 1 1 1 1 1
 0 1 1 0 1 1 1 0 0 1 1 1 0 1 0 1 0 1 1 0 0 1 1 1 1 1 0 0 0 1 1 1 1 0 1 0 1
 0 1 0 1 1 1 1 1 0 1 1 1 1 0 1 0 1 1 1 0 1 0 0 1 1 0 0 0 0 1 0 1 1 1 1 1 1
 1 1 1 1 1 1 1 1 0 0 0 1 1 1 1 0 0 1 1 1 0 1 0 0 0 0 1 1 0 1 0 1 1 1 1 0 1
 0 1 1 0 1 1 0 1 1 0 0 1 1 0 0 1 1 1 0 0 0 1 1 1 1 0 0 1 0 1 1 1 0 1 1 1 1
 1 1 1 0 1 1 1 0 1 1 0 1 1 1 1 1 1 0 1 1 1 1 1 0 0 1 1 1 1 1 0 0 1 1 1 1 0
 0 1 0 1 1 1 1 1 1 1 1 0 1 1 0 1 1 1 1 0 0 1 1 1 1 0 0 1 1 1 1 0 1 1 0 0 1
 1 0 1 1 1 1 1 1 1 1 0 1 1 1 0 1 1 0 1 1 1 1 0 0 0 1 1 0 0 1 0 1 1 0 1 1 1
 1 1 0 1 1 0 0 1 1 1 0 0 1 1 0 1 1 0 1 1 0 1 1 1 1 0 1 1 1 0 0 0 0 0 1 0 0
 1 1 1 0 0 1 0 1 1 1 0 1 1 1 1 0 0 1 1 1 1 1 1 0 1 0 1 1 1 0 1 1 1 1 1 1 1
 1 0 1 1 0 1 1 0 0 0 0 1 0 0 1 1 1 1 1 1 1 1 1 1 1 1 0 0 1 1 1 0 1 0 1 0 0
 1 1 0 1 1 0 0 0 1 1 1 1 0 1 1 0 0 1 1 1 1 1 1 1 1 0 1 1 1 1 1 1 0 1 1 1 1
 0 1 1 0 1 1 1 1 1 1 0 1 1 1 0 1 1 0 0 0 1 1 0 1 0 1 1 0 1 1 0 1 1 1 1 0 1
 1 1 1 1 0 1 1 0 0 0 1 1 0 1 1 0 1 1 1 1 0 1 0 1 0 1 1 0 0 0 0 0 0 0 0 1 1
 1 1 1 0 0 1 0 1 1 1 1 1 1 0 1 0 1 1 1 0 1 0 1 1 0 1 1 1 1 1 1 1 1 1 1 1 1
 1 1 1 1 1 0 1 1 1 1 1 0 1]","[  1   3   4   9  10  12  13  14  16  18  19  20  21  26  27  31  32  33
  35  36  38  43  44  46  48  49  50  51  52  53  56  57  58  59  60  63
  64  69  72  73  75  76  78  79  80  82  83  84  86  87  90  91  92  95
  96  97  98  99 100 101 102 103 104 105 106 107 110 113 114 116 117 118
 119 120 122 123 128 129 130 131 135 136 138 139 140 141 142 144 145 146
 147 148 151 155 157 158 160 165 166 167 169 172 173 174 175 176 177 179
 180 184 185 187 188 189 192 193 195 197 198 201 202 203 204 205 206 210
 211 212 213 217 218 219 220 221 223 224 226 227 228 231 232 233 235 237
 239 240 243 244 245 246 247 251 252 253 254 256 258 260 262 263 264 265
 266 268 269 270 271 273 275 276 277 279 282 283 288 290 291 292 293 294
 295 296 297 298 299 300 301 302 303 307 308 309 310 313 314 315 317 322
 323 325 327 328 329 330 332 334 335 337 338 340 341 344 345 348 349 350
 354 355 356 357 360 362 363 364 366 367 368 369 370 371 372 374 375 376
 378 379 381 382 383 384 385 386 388 389 390 391 392 395 396 397 398 399
 402 403 404 405 408 410 411 412 413 414 415 416 417 419 420 422 423 424
 425 428 429 430 431 434 435 436 437 439 440 443 444 446 447 448 449 450
 451 452 453 455 456 457 459 460 462 463 464 465 469 470 473 475 476 478
 479 480 481 482 484 485 488 489 490 493 494 496 497 499 500 502 503 504
 505 507 508 509 515 518 519 520 523 525 526 527 529 530 531 532 535 536
 537 538 539 540 542 544 545 546 548 549 550 551 552 553 554 555 557 558
 560 561 566 569 570 571 572 573 574 575 576 577 578 579 580 583 584 585
 587 589 592 593 595 596 600 601 602 603 605 606 609 610 611 612 613 614
 615 616 618 619 620 621 622 623 625 626 627 628 630 631 633 634 635 636
 637 638 640 641 642 644 645 649 650 652 654 655 657 658 660 661 662 663
 665 666 667 668 669 671 672 676 677 679 680 682 683 684 685 687 689 691
 692 701 702 703 704 705 708 710 711 712 713 714 715 717 719 720 721 723
 725 726 728 729 730 731 732 733 734 735 736 737 738 739 740 741 742 743
 744 746 747 748 749 750 752]",0.9605263157894737,35.987754821777344
23,"[1 1 1 0 1 1 1 0 1 1 1 1 1 0 0 0 1 1 1 1 0 1 0 1 1 0 1 1 0 1 1 1 1 1 0 1 0
 1 1 0 0 0 0 1 1 1 1 0 0 1 0 1 1 0 0 1 0 0 1 1 0 0 0 0 0 1 1 1 1 0 1 0 1 1
 1 1 1 0 0 1 0 1 1 0 0 1 0 0 1 0 0 1 1 0 1 0 0 1 1 0 1 0 0 1 0 1 1 1 1 1 0
 0 1 0 1 0 0 0 1 1 1 1 1 0 1 0 0 0 0 1 1 1 1 1 0 1 1 0 0 1 0 1 1 0 0 0 0 1
 1 0 1 0 1 0 0 1 1 0 1 1 0 0 0 0 0 0 0 0 0 0 0 0 1 0 1 1 1 0 1 1 1 1 1 1 1
 1 1 1 0 1 0 0 1 1 0 1 1 1 1 0 1 0 0 0 1 1 0 0 1 1 1 1 1 1 1 0 1 0 0 0 1 1
 0 1 1 0 1 1 0 0 0 1 1 0 1 1 1 0 1 0 1 1 0 1 0 0 1 1 0 1 0 1 1 1 0 1 1 1 1
 1 1 0 0 1 1 1 0 0 0 1 0 1 1 0 0 1 1 0 1 1 1 0 0 1 1 0 0 0 1 1 0 0 0 1 1 0
 0 1 1 1 0 0 1 0 1 0 1 1 0 1 1 0 1 1 1 0 1 1 0 1 1 0 1 0 0 1 1 1 0 1 0 1 1
 0 1 1 0 0 0 1 0 0 0 1 1 1 1 1 1 0 1 1 0 1 0 0 1 0 0 0 0 0 1 1 0 1 1 0 0 1
 1 0 0 1 1 1 1 0 0 0 0 1 1 0 1 1 1 1 1 1 0 1 1 1 1 0 0 0 0 1 1 1 0 1 0 0 1
 0 0 1 1 1 1 1 1 1 0 0 1 0 1 1 0 0 0 1 1 1 1 0 1 0 1 1 1 1 0 0 0 0 1 1 1 0
 1 0 1 1 1 1 1 0 1 1 1 1 1 1 1 1 1 0 1 1 0 1 0 1 1 1 0 0 1 1 0 0 0 0 1 1 0
 1 1 1 1 1 1 1 1 0 1 1 1 1 1 1 0 1 1 1 0 0 0 0 0 0 1 1 1 0 0 1 0 0 1 1 0 1
 1 1 1 0 0 0 1 1 1 0 1 1 1 1 0 0 0 1 1 1 1 0 0 0 1 1 0 0 0 1 0 0 0 1 0 0 1
 1 0 0 1 1 0 1 1 1 0 1 1 0 0 1 1 1 1 0 0 1 1 1 1 1 1 0 1 0 1 0 0 1 1 1 1 1
 0 0 0 0 0 0 0 1 1 0 0 0 1 0 0 0 1 0 1 0 1 1 1 1 1 1 0 0 1 0 1 1 0 1 1 1 0
 0 1 0 1 0 1 0 0 1 0 1 1 1 0 0 0 1 1 0 1 0 0 1 1 0 0 0 0 0 1 1 1 1 1 1 1 1
 1 1 0 1 1 0 0 1 1 0 1 1 0 0 1 1 1 1 1 0 1 0 1 1 0 0 0 0 0 1 0 1 1 0 1 1 1
 1 1 0 0 0 0 1 0 1 1 1 1 0 0 1 1 1 1 1 1 1 1 1 1 1 0 1 0 1 0 1 0 1 0 0 1 1
 0 1 1 1 1 1 1 1 1 0 1 0 0]","[  0   1   2   4   5   6   8   9  10  11  12  16  17  18  19  21  23  24
  26  27  29  30  31  32  33  35  37  38  43  44  45  46  49  51  52  55
  58  59  65  66  67  68  70  72  73  74  75  76  79  81  82  85  88  91
  92  94  97  98 100 103 105 106 107 108 109 112 114 118 119 120 121 122
 124 129 130 131 132 133 135 136 139 141 142 147 148 150 152 155 156 158
 159 172 174 175 176 178 179 180 181 182 183 184 185 186 187 189 192 193
 195 196 197 198 200 204 205 208 209 210 211 212 213 214 216 220 221 223
 224 226 227 231 232 234 235 236 238 240 241 243 246 247 249 251 252 253
 255 256 257 258 259 260 263 264 265 269 271 272 275 276 278 279 280 283
 284 288 289 293 294 297 298 299 302 304 306 307 309 310 312 313 314 316
 317 319 320 322 325 326 327 329 331 332 334 335 339 343 344 345 346 347
 348 350 351 353 356 362 363 365 366 369 370 373 374 375 376 381 382 384
 385 386 387 388 389 391 392 393 394 399 400 401 403 406 409 410 411 412
 413 414 415 418 420 421 425 426 427 428 430 432 433 434 435 440 441 442
 444 446 447 448 449 450 452 453 454 455 456 457 458 459 460 462 463 465
 467 468 469 472 473 478 479 481 482 483 484 485 486 487 488 490 491 492
 493 494 495 497 498 499 506 507 508 511 514 515 517 518 519 520 524 525
 526 528 529 530 531 535 536 537 538 542 543 547 551 554 555 558 559 561
 562 563 565 566 569 570 571 572 575 576 577 578 579 580 582 584 587 588
 589 590 591 599 600 604 608 610 612 613 614 615 616 617 620 622 623 625
 626 627 630 632 634 637 639 640 641 645 646 648 651 652 658 659 660 661
 662 663 664 665 666 667 669 670 673 674 676 677 680 681 682 683 684 686
 688 689 695 697 698 700 701 702 703 704 709 711 712 713 714 717 718 719
 720 721 722 723 724 725 726 727 729 731 733 735 738 739 741 742 743 744
 745 746 747 748 750]",0.9605263157894737,37.73116135597229
25,"[0 1 1 1 0 1 0 0 1 1 1 0 1 1 1 0 0 0 1 1 1 0 0 1 0 1 1 1 0 1 0 0 1 1 1 1 0
 1 1 1 1 0 0 0 0 1 1 0 1 0 1 1 1 0 1 0 1 1 1 1 1 1 1 0 0 0 1 1 1 0 0 0 1 1
 1 1 1 1 1 1 1 1 1 0 0 1 0 0 1 0 1 1 0 0 1 0 0 0 1 1 0 1 0 1 1 0 0 1 1 1 0
 0 1 0 1 0 1 0 1 1 1 1 1 1 0 1 0 1 1 1 1 1 0 0 0 0 1 0 1 1 0 1 1 1 1 0 1 0
 1 1 1 1 1 0 1 1 0 1 0 1 0 1 1 0 0 0 0 1 1 0 0 1 0 0 1 1 1 0 0 1 1 1 1 0 0
 0 1 1 0 0 0 1 1 0 0 1 1 1 1 1 0 1 1 0 0 1 0 1 1 0 0 1 0 0 1 0 1 1 0 1 1 1
 1 0 0 1 1 0 1 1 0 0 1 1 1 1 1 1 0 0 0 0 1 1 0 0 1 0 1 1 0 1 1 1 1 1 1 1 1
 0 0 1 1 1 1 0 1 0 1 1 1 1 0 1 1 1 1 0 1 0 1 1 1 1 1 1 1 0 0 1 0 1 0 0 0 0
 0 1 1 1 1 1 0 1 1 1 1 0 1 1 0 1 1 1 1 1 0 0 0 1 1 0 0 1 0 1 0 1 1 0 0 1 1
 1 1 1 0 1 1 1 0 1 0 0 1 0 1 0 1 1 0 0 1 0 1 0 1 1 1 1 0 1 1 0 1 1 1 1 0 1
 0 0 1 1 1 1 1 0 1 1 1 1 1 1 0 1 1 0 1 1 1 1 0 0 0 0 0 1 1 1 1 0 1 1 1 0 0
 0 0 0 0 1 0 1 0 1 1 0 1 0 1 1 0 1 1 1 1 1 0 1 0 1 0 1 0 0 0 1 1 0 1 1 0 1
 1 1 1 1 0 0 1 1 1 0 1 1 1 0 1 1 1 0 1 1 0 1 1 1 0 0 1 1 1 0 1 1 0 1 0 1 0
 0 1 1 1 1 0 1 1 0 1 1 1 0 0 1 1 1 0 1 0 1 1 0 1 0 0 0 1 0 1 0 1 1 1 1 1 1
 1 1 1 1 0 0 1 1 1 1 1 1 0 0 0 1 1 1 0 1 1 0 0 0 0 0 1 1 0 1 0 1 0 1 1 1 1
 1 1 0 1 0 0 0 1 1 0 0 0 0 1 1 1 1 1 0 1 1 1 1 0 1 1 1 0 1 1 1 1 1 1 0 0 1
 0 1 1 1 1 1 1 0 0 1 1 0 1 1 1 1 1 1 1 1 1 1 1 0 1 1 1 1 1 1 1 1 1 0 1 1 1
 1 0 1 1 0 0 1 1 1 1 1 1 0 0 1 1 1 1 1 0 0 0 0 0 1 1 0 0 0 1 0 1 1 1 1 0 1
 1 1 0 1 0 1 0 1 1 1 0 1 0 1 1 1 0 0 1 1 1 1 1 1 1 0 0 1 0 1 1 1 1 1 1 1 1
 0 0 1 0 1 0 1 1 1 0 1 1 1 0 0 1 0 1 0 1 1 0 1 1 1 1 1 1 1 1 1 1 1 1 1 1 0
 1 1 1 1 1 1 0 1 1 1 0 1 1]","[  1   2   3   5   8   9  10  12  13  14  18  19  20  23  25  26  27  29
  32  33  34  35  37  38  39  40  45  46  48  50  51  52  54  56  57  58
  59  60  61  62  66  67  68  72  73  74  75  76  77  78  79  80  81  82
  85  88  90  91  94  98  99 101 103 104 107 108 109 112 114 116 118 119
 120 121 122 123 125 127 128 129 130 131 136 138 139 141 142 143 144 146
 148 149 150 151 152 154 155 157 159 161 162 167 168 171 174 175 176 179
 180 181 182 186 187 191 192 195 196 197 198 199 201 202 205 207 208 211
 214 216 217 219 220 221 222 225 226 228 229 232 233 234 235 236 237 242
 243 246 248 249 251 252 253 254 255 256 257 258 261 262 263 264 266 268
 269 270 271 273 274 275 276 278 280 281 282 283 284 285 286 289 291 297
 298 299 300 301 303 304 305 306 308 309 311 312 313 314 315 319 320 323
 325 327 328 331 332 333 334 335 337 338 339 341 344 346 348 349 352 354
 356 357 358 359 361 362 364 365 366 367 369 372 373 374 375 376 378 379
 380 381 382 383 385 386 388 389 390 391 397 398 399 400 402 403 404 411
 413 415 416 418 420 421 423 424 425 426 427 429 431 433 437 438 440 441
 443 444 445 446 447 450 451 452 454 455 456 458 459 460 462 463 465 466
 467 470 471 472 474 475 477 479 482 483 484 485 487 488 490 491 492 495
 496 497 499 501 502 504 508 510 512 513 514 515 516 517 518 519 520 521
 524 525 526 527 528 529 533 534 535 537 538 544 545 547 549 551 552 553
 554 555 556 558 562 563 568 569 570 571 572 574 575 576 577 579 580 581
 583 584 585 586 587 588 591 593 594 595 596 597 598 601 602 604 605 606
 607 608 609 610 611 612 613 614 616 617 618 619 620 621 622 623 624 626
 627 628 629 631 632 635 636 637 638 639 640 643 644 645 646 647 653 654
 658 660 661 662 663 665 666 667 669 671 673 674 675 677 679 680 681 684
 685 686 687 688 689 690 693 695 696 697 698 699 700 701 702 705 707 709
 710 711 713 714 715 718 720 722 723 725 726 727 728 729 730 731 732 733
 734 735 736 737 738 740 741 742 743 744 745 747 748 749 751 752]",0.9605263157894737,40.998215675354004
27,"[0 1 1 0 1 1 0 1 1 1 0 1 1 0 1 1 0 1 1 1 1 1 1 0 1 1 0 1 1 0 1 1 1 1 0 1 0
 1 1 0 1 1 1 0 0 1 0 1 1 0 0 1 1 1 0 1 1 1 1 0 1 0 0 1 0 1 1 0 0 1 0 1 1 1
 1 1 1 0 0 1 0 0 0 1 1 1 1 1 1 0 0 1 1 0 0 1 1 0 1 1 1 1 1 0 1 1 1 0 0 1 1
 1 1 0 1 1 1 0 1 0 0 1 1 1 1 1 1 0 1 1 1 0 1 0 1 0 0 1 1 1 1 1 1 1 0 1 1 1
 0 1 1 1 1 1 1 1 1 1 1 1 1 1 0 1 1 1 1 1 0 1 1 1 0 1 0 1 1 1 0 1 1 1 0 1 0
 1 1 0 1 1 1 1 0 1 1 0 0 1 1 1 1 1 1 1 1 0 0 0 0 1 1 1 0 1 1 0 0 0 0 1 0 0
 1 1 1 1 0 1 0 1 1 1 0 1 0 0 0 0 1 1 1 1 1 1 1 0 0 1 1 0 1 1 0 1 0 1 0 0 1
 1 0 0 1 1 1 1 1 0 1 1 0 1 1 1 1 1 1 0 0 1 1 1 1 0 1 1 1 0 0 0 1 0 0 1 1 0
 1 1 1 0 1 1 1 1 1 0 0 0 1 0 1 1 0 1 0 0 1 1 1 1 1 1 0 1 1 0 1 1 0 0 1 1 0
 0 1 0 1 0 0 0 1 1 1 1 0 0 1 0 1 0 1 0 1 0 1 1 0 0 0 1 0 1 0 1 1 0 1 1 0 1
 1 1 1 1 1 1 0 0 1 1 1 1 0 0 0 1 1 1 1 1 1 0 1 1 1 0 1 0 0 1 1 1 0 1 1 0 1
 1 0 0 1 0 1 1 1 0 0 1 0 0 0 0 1 0 1 1 1 0 1 1 0 1 1 1 1 1 1 1 0 1 1 0 1 1
 1 0 1 1 1 0 0 0 1 1 1 0 1 0 1 1 1 1 0 1 1 1 0 1 0 0 1 0 1 1 1 1 0 1 1 1 0
 0 0 1 1 0 0 1 1 1 0 0 0 1 0 1 1 0 1 0 0 1 1 0 1 1 1 0 1 1 0 1 0 1 0 0 1 1
 1 0 1 1 0 1 1 1 0 1 1 1 1 1 1 0 1 1 0 1 1 1 0 1 1 1 1 1 1 1 1 1 0 1 1 1 0
 0 0 1 1 1 0 0 1 0 1 1 0 1 1 0 1 1 1 1 0 1 1 1 1 1 1 1 1 0 1 0 1 0 1 0 1 0
 1 0 0 1 1 1 0 0 1 1 0 0 1 1 0 0 1 1 0 0 1 1 1 1 1 1 1 1 0 0 1 0 0 1 0 1 0
 0 1 0 0 0 1 0 1 1 0 0 1 0 1 1 1 0 1 0 0 1 1 0 0 0 1 0 1 1 1 1 1 1 0 0 1 1
 1 0 1 1 0 1 0 1 0 0 1 0 1 1 1 1 0 0 1 1 0 1 0 0 0 1 1 1 0 0 1 0 1 1 1 0 1
 0 1 1 0 1 1 0 1 0 1 1 0 0 0 0 1 0 1 1 0 1 1 1 1 0 0 1 0 1 1 0 1 0 1 0 0 1
 1 1 0 1 1 1 0 1 1 1 0 0 1]","[  1   2   4   5   7   8   9  11  12  14  15  17  18  19  20  21  22  24
  25  27  28  30  31  32  33  35  37  38  40  41  42  45  47  48  51  52
  53  55  56  57  58  60  63  65  66  69  71  72  73  74  75  76  79  83
  84  85  86  87  88  91  92  95  96  98  99 100 101 102 104 105 106 109
 110 111 112 114 115 116 118 121 122 123 124 125 126 128 129 130 132 134
 137 138 139 140 141 142 143 145 146 147 149 150 151 152 153 154 155 156
 157 158 159 160 161 163 164 165 166 167 169 170 171 173 175 176 177 179
 180 181 183 185 186 188 189 190 191 193 194 197 198 199 200 201 202 203
 204 209 210 211 213 214 219 222 223 224 225 227 229 230 231 233 238 239
 240 241 242 243 244 247 248 250 251 253 255 258 259 262 263 264 265 266
 268 269 271 272 273 274 275 276 279 280 281 282 284 285 286 290 293 294
 296 297 298 300 301 302 303 304 308 310 311 313 316 317 318 319 320 321
 323 324 326 327 330 331 334 336 340 341 342 343 346 348 350 352 354 355
 359 361 363 364 366 367 369 370 371 372 373 374 375 378 379 380 381 385
 386 387 388 389 390 392 393 394 396 399 400 401 403 404 406 407 410 412
 413 414 417 422 424 425 426 428 429 431 432 433 434 435 436 437 439 440
 442 443 444 446 447 448 452 453 454 456 458 459 460 461 463 464 465 467
 470 472 473 474 475 477 478 479 483 484 487 488 489 493 495 496 498 501
 502 504 505 506 508 509 511 513 516 517 518 520 521 523 524 525 527 528
 529 530 531 532 534 535 537 538 539 541 542 543 544 545 546 547 548 549
 551 552 553 557 558 559 562 564 565 567 568 570 571 572 573 575 576 577
 578 579 580 581 582 584 586 588 590 592 595 596 597 600 601 604 605 608
 609 612 613 614 615 616 617 618 619 622 625 627 630 634 636 637 640 642
 643 644 646 649 650 654 656 657 658 659 660 661 664 665 666 668 669 671
 673 676 678 679 680 681 684 685 687 691 692 693 696 698 699 700 702 704
 705 707 708 710 712 713 718 720 721 723 724 725 726 729 731 732 734 736
 739 740 741 743 744 745 747 748 749 752]",0.9473684210526315,45.026554584503174
29,"[1 1 0 1 0 1 1 0 1 0 1 1 1 1 0 1 1 1 0 1 0 1 1 0 0 0 1 0 1 1 0 1 1 0 0 0 0
 0 1 0 0 0 1 1 0 0 1 0 1 0 1 0 1 0 1 1 1 1 0 0 0 1 0 1 0 1 1 0 1 0 1 0 1 1
 0 1 0 0 1 0 1 1 1 0 1 1 0 0 1 1 0 0 0 1 1 1 0 0 1 0 1 1 1 1 0 0 1 1 0 1 1
 0 1 1 1 1 0 0 0 0 1 1 1 1 0 0 0 1 1 0 1 0 0 1 1 0 1 1 1 1 1 0 0 1 1 0 0 1
 1 1 1 1 0 1 0 1 1 1 0 1 0 1 1 0 1 0 0 1 0 0 1 0 1 1 0 1 1 0 1 0 1 1 1 1 1
 0 1 1 1 1 1 1 1 1 1 1 0 1 1 1 1 1 1 1 1 0 1 1 1 1 1 1 1 0 1 0 0 1 0 1 1 0
 0 1 1 1 0 1 1 1 1 0 1 0 1 1 1 1 0 0 1 0 1 0 1 1 1 1 1 0 0 1 1 1 0 1 0 0 0
 1 0 1 0 0 0 1 1 1 1 0 0 0 0 0 1 0 1 1 1 1 0 1 1 1 1 1 0 0 1 0 1 1 0 1 0 0
 1 0 0 1 0 0 1 1 1 1 1 0 1 1 0 0 1 1 0 0 0 1 1 1 1 1 1 1 0 0 1 1 0 0 0 1 0
 1 0 1 1 1 1 1 1 1 1 1 1 1 1 1 1 1 1 1 1 0 1 1 1 0 0 0 0 1 1 0 0 1 1 1 0 0
 1 1 1 1 1 0 0 1 1 0 1 1 0 1 1 0 0 1 1 1 0 1 1 0 0 0 0 0 1 1 0 1 1 0 1 1 0
 0 1 0 1 0 0 1 0 0 0 1 0 1 0 1 1 0 1 1 1 1 0 1 1 1 1 1 1 1 1 1 1 1 1 1 1 0
 1 1 0 0 0 1 1 1 1 1 1 1 1 1 1 1 1 1 1 0 1 1 0 1 1 0 0 0 1 1 1 1 0 0 1 1 1
 1 1 0 1 1 0 1 1 0 1 0 0 1 1 1 0 1 1 1 1 0 0 1 1 1 1 1 1 0 0 1 1 0 1 1 1 0
 0 1 0 1 1 1 0 1 0 0 1 1 1 0 1 1 0 0 0 1 1 0 0 0 0 0 1 0 0 0 1 1 1 0 1 0 0
 0 0 1 1 1 0 1 0 1 1 0 1 1 0 1 0 1 1 1 0 0 0 0 0 1 1 1 0 1 1 1 1 1 1 0 1 0
 0 0 0 0 1 0 0 0 1 1 0 1 1 1 1 1 1 0 0 1 1 1 1 1 0 1 0 1 1 0 1 1 1 0 1 1 0
 1 1 1 1 1 1 1 0 1 0 0 0 1 1 0 0 1 0 1 0 1 0 1 1 1 0 1 0 1 1 0 0 0 0 0 1 1
 1 1 0 0 1 1 1 1 0 1 0 1 1 1 1 1 1 1 1 0 0 1 0 1 0 0 1 0 0 1 0 1 0 0 1 1 1
 1 1 1 1 0 0 1 1 1 1 1 0 0 1 1 0 0 0 0 1 0 1 1 1 0 1 1 1 0 0 0 0 1 1 1 1 0
 1 1 1 1 1 1 1 1 1 0 0 1 0]","[  0   1   3   5   6   8  10  11  12  13  15  16  17  19  21  22  26  28
  29  31  32  38  42  43  46  48  50  52  54  55  56  57  61  63  65  66
  68  70  72  73  75  78  80  81  82  84  85  88  89  93  94  95  98 100
 101 102 103 106 107 109 110 112 113 114 115 120 121 122 123 127 128 130
 133 134 136 137 138 139 140 143 144 147 148 149 150 151 153 155 156 157
 159 161 162 164 167 170 172 173 175 176 178 180 181 182 183 184 186 187
 188 189 190 191 192 193 194 195 197 198 199 200 201 202 203 204 206 207
 208 209 210 211 212 214 217 219 220 223 224 225 227 228 229 230 232 234
 235 236 237 240 242 244 245 246 247 248 251 252 253 255 259 261 265 266
 267 268 274 276 277 278 279 281 282 283 284 285 288 290 291 293 296 299
 302 303 304 305 306 308 309 312 313 317 318 319 320 321 322 323 326 327
 331 333 335 336 337 338 339 340 341 342 343 344 345 346 347 348 349 350
 351 352 354 355 356 361 362 365 366 367 370 371 372 373 374 377 378 380
 381 383 384 387 388 389 391 392 398 399 401 402 404 405 408 410 413 417
 419 421 422 424 425 426 427 429 430 431 432 433 434 435 436 437 438 439
 440 441 442 444 445 449 450 451 452 453 454 455 456 457 458 459 460 461
 462 464 465 467 468 472 473 474 475 478 479 480 481 482 484 485 487 488
 490 493 494 495 497 498 499 500 503 504 505 506 507 508 511 512 514 515
 516 519 521 522 523 525 528 529 530 532 533 537 538 544 548 549 550 552
 557 558 559 561 563 564 566 567 569 571 572 573 579 580 581 583 584 585
 586 587 588 590 596 600 601 603 604 605 606 607 608 611 612 613 614 615
 617 619 620 622 623 624 626 627 629 630 631 632 633 634 635 637 641 642
 645 647 649 651 652 653 655 657 658 664 665 666 667 670 671 672 673 675
 677 678 679 680 681 682 683 684 687 689 692 695 697 700 701 702 703 704
 705 706 709 710 711 712 713 716 717 722 724 725 726 728 729 730 735 736
 737 738 740 741 742 743 744 745 746 747 748 751]",0.9473684210526315,48.419955015182495
