n_bats,best_solution,best_features,best_fitness,duration
10,"[1 1 0 1 1 1 0 0 0 1 0 1 0 0 0 0 0 0 1 0 0 1 0 0 1 0 1 1 0 0 1 0 0 0 1 1 0
 1 1 1 1 1 1 0 1 0 1 1 1 1 0 0 0 1 0 1 1 1 0 0 1 1 0 0 0 1 0 1 0 0 1 1 1 0
 1 0 0 0 0 0 1 1 0 0 0 0 0 0 1 1 0 1 0 0 1 0 1 0 1 0 0 0 0 1 0 0 1 0 0 0 1
 1 1 0 1 0 1 1 0 1 0 1 1 1 1 0 0 1 1 1 0 1 0 0 1 1 0 1 0 1 0 0 1 1 0 1 1 1
 0 1 0 1 1 0 0 0 0 0 0 1 0 0 0 0 0 0 0 1 1 1 1 1 0 0 1 0 0 0 1 1 0 0 0 0 1
 0 0 1 1 1 1 0 0 1 0 0 1 1 1 0 0 1 1 1 1 1 0 0 1 0 1 1 0 0 0 0 1 1 0 1 0 0
 1 0 1 0 1 0 0 1 0 1 1 0 0 0 1 0 1 1 0 0 0 1 1 1 0 1 1 1 0 1 1 0 1 1 0 1 1
 1 0 0 1 1 1 1 0 0 1 0 1 1 1 0 0 1 1 1 0 1 1 1 0 1 0 0 1 1 0 1 1 0 1 0 0 1
 1 0 1 1 1 1 1 0 1 0 0 1 0 0 1 1 1 1 0 0 1 1 0 1 0 1 0 1 0 1 0 1 1 1 1 0 0
 1 1 1 1 1 0 1 0 1 1 1 0 1 0 0 0 1 1 0 0 0 1 0 0 1 1 1 0 1 1 1 0 1 0 1 1 1
 0 0 0 0 1 1 1 1 0 0 0 1 0 1 1 0 0 0 1 0 1 1 1 1 0 0 0 0 0 1 0 0 1 1 1 0 1
 0 0 0 0 0 1 1 1 1 1 0 1 0 0 1 1 1 1 1 1 1 1 0 0 1 1 1 1 1 0 0 1 0 1 0 1 0
 0 1 0 1 1 0 0 0 0 0 1 1 0 0 0 1 1 0 0 0 0 0 0 0 1 0 0 1 1 0 0 0 0 0 0 1 0
 0 1 1 1 1 1 1 0 1 0 1 1 0 0 0 1 0 1 1 0 1 0 1 1 0 1 0 0 0 0 0 0 0 1 1 0 0
 0 0 1 1 1 1 1 1 0 1 0 1 1 0 1 0 1 0 1 0 1 0 1 1 0 1 1 0 0 0 1 0 0 0 1 1 0
 0 0 1 1 1 1 0 1 0 0 1 0 1 0 1 1 0 1 1 1 1 0 0 0 0 0 0 0 1 1 1 0 1 1 1 1 0
 1 1 1 0 0 0 0 1 1 0 1 1 1 1 0 1 1 0 1 0 1 0 1 0 1 0 0 0 0 1 0 1 0 1 1 1 1
 0 1 1 1 0 0 1 1 0 0 1 0 0 0 1 0 0 1 1 0 0 0 0 1 0 1 1 0 0 0 1 1 1 1 0 0 1
 1 0 0 0 1 1 0 1 0 1 1 0 0 1 0 1 1 0 0 0 0 0 0 1 1 1 0 0 0 0 1 1 1 0 0 0 1
 1 0 0 0 1 0 1 1 0 0 0 1 1 1 0 1 0 0 0 1 1 1 1 0 0 1 0 1 1 1 1 1 1 0 1 1 1
 0 0 0 1 1 1 0 1 1 1 1 1 0]","[  0   1   3   4   5   9  11  18  21  24  26  27  30  34  35  37  38  39
  40  41  42  44  46  47  48  49  53  55  56  57  60  61  65  67  70  71
  72  74  80  81  88  89  91  94  96  98 103 106 110 111 112 114 116 117
 119 121 122 123 124 127 128 129 131 134 135 137 139 142 143 145 146 147
 149 151 152 159 167 168 169 170 171 174 178 179 184 187 188 189 190 193
 196 197 198 201 202 203 204 205 208 210 211 216 217 219 222 224 226 229
 231 232 236 238 239 243 244 245 247 248 249 251 252 254 255 257 258 259
 262 263 264 265 268 270 271 272 275 276 277 279 280 281 283 286 287 289
 290 292 295 296 298 299 300 301 302 304 307 310 311 312 313 316 317 319
 321 323 325 327 328 329 330 333 334 335 336 337 339 341 342 343 345 349
 350 354 357 358 359 361 362 363 365 367 368 369 374 375 376 377 381 383
 384 388 390 391 392 393 399 402 403 404 406 412 413 414 415 416 418 421
 422 423 424 425 426 427 428 431 432 433 434 435 438 440 442 445 447 448
 454 455 459 460 468 471 472 479 482 483 484 485 486 487 489 491 492 496
 498 499 501 503 504 506 514 515 520 521 522 523 524 525 527 529 530 532
 534 536 538 540 541 543 544 548 552 553 557 558 559 560 562 565 567 569
 570 572 573 574 575 583 584 585 587 588 589 590 592 593 594 599 600 602
 603 604 605 607 608 610 612 614 616 621 623 625 626 627 628 630 631 632
 635 636 639 643 646 647 652 654 655 659 660 661 662 665 666 670 671 673
 675 676 679 681 682 689 690 691 696 697 698 702 703 707 709 710 714 715
 716 718 722 723 724 725 728 730 731 732 733 734 735 737 738 739 743 744
 745 747 748 749 750 751]",0.9736842105263158,63.69589686393738
20,"[1 1 0 0 1 0 1 1 0 0 0 1 0 1 0 0 0 1 0 0 1 1 1 0 1 1 0 0 0 1 1 0 0 1 1 1 1
 0 1 1 0 1 1 0 1 1 1 0 0 0 0 0 0 0 1 1 1 0 1 0 0 1 0 0 0 1 1 1 0 1 1 0 1 0
 1 0 1 1 1 0 0 0 1 1 0 1 0 1 1 0 0 0 0 0 1 0 1 1 0 1 1 1 1 1 0 1 1 1 1 0 1
 0 0 1 1 0 1 1 1 1 1 1 0 0 0 0 1 1 1 1 1 1 1 1 1 1 1 0 0 0 0 0 0 1 0 1 1 1
 0 1 0 1 1 0 0 1 0 0 1 1 1 0 1 0 1 1 0 1 1 1 1 1 1 0 0 1 0 0 1 0 0 0 0 0 1
 1 0 0 1 0 0 1 1 1 1 0 1 1 0 0 0 1 1 0 1 1 1 0 0 0 0 0 1 0 1 0 0 1 0 1 0 1
 1 0 0 1 0 1 1 0 0 0 1 0 1 0 1 0 0 1 1 0 0 1 1 1 0 1 0 1 0 0 1 0 1 1 0 1 1
 0 0 0 0 1 0 0 0 1 0 1 0 0 1 0 1 0 0 1 1 1 0 0 0 1 0 1 1 0 0 0 0 0 0 0 0 1
 1 0 0 1 1 1 0 0 0 0 0 1 0 0 1 1 0 1 1 1 0 1 0 1 0 1 0 0 1 1 0 1 1 0 0 0 1
 0 0 1 0 0 0 0 0 0 0 0 1 0 0 1 0 0 1 0 0 1 0 0 1 1 1 0 1 0 0 1 0 1 0 1 0 1
 0 0 0 0 1 1 0 0 0 0 1 1 1 1 0 0 0 0 0 0 1 0 1 1 1 0 1 0 0 1 0 1 1 0 1 0 1
 0 1 0 0 1 1 0 0 0 1 0 0 1 0 0 0 0 1 1 1 1 1 1 0 0 0 0 1 0 0 0 0 0 1 1 0 0
 0 0 1 0 0 0 0 1 1 0 1 0 1 1 0 1 1 1 1 1 1 1 0 1 0 1 0 1 1 0 1 0 1 0 0 1 0
 0 0 1 0 0 0 1 0 1 0 0 0 1 1 0 0 1 0 0 1 0 0 1 0 1 1 0 0 0 0 1 0 0 0 0 0 0
 0 1 1 1 0 0 0 1 1 0 0 1 1 0 1 1 0 1 1 0 1 0 0 1 1 1 1 1 0 0 0 1 1 1 0 0 0
 0 0 0 1 1 1 1 1 0 0 0 0 0 0 0 0 1 1 0 0 1 0 1 0 0 0 0 1 1 1 0 0 0 1 1 0 0
 0 0 1 1 0 1 1 1 0 0 1 1 1 0 1 1 1 1 0 0 1 0 1 0 1 1 0 1 0 0 1 0 0 1 1 1 0
 0 1 1 0 1 0 0 1 1 1 1 1 0 0 1 1 1 0 1 1 0 1 0 0 0 0 1 1 1 0 1 1 0 0 0 0 0
 1 0 1 1 0 1 1 1 0 0 1 1 1 1 0 1 0 0 1 1 0 1 1 0 0 1 1 0 1 0 1 1 0 0 1 0 0
 1 0 0 0 1 0 1 1 0 1 0 0 1 0 1 0 1 0 0 0 1 0 1 0 0 0 1 1 1 0 1 0 1 1 0 1 0
 1 0 0 0 1 0 0 0 1 0 0 1 0]","[  0   1   4   6   7  11  13  17  20  21  22  24  25  29  30  33  34  35
  36  38  39  41  42  44  45  46  54  55  56  58  61  65  66  67  69  70
  72  74  76  77  78  82  83  85  87  88  94  96  97  99 100 101 102 103
 105 106 107 108 110 113 114 116 117 118 119 120 121 126 127 128 129 130
 131 132 133 134 135 136 143 145 146 147 149 151 152 155 158 159 160 162
 164 165 167 168 169 170 171 172 175 178 184 185 188 191 192 193 194 196
 197 201 202 204 205 206 212 214 217 219 221 222 225 227 228 232 234 236
 239 240 243 244 245 247 249 252 254 255 257 258 263 267 269 272 274 277
 278 279 283 285 286 295 296 299 300 301 307 310 311 313 314 315 317 319
 321 324 325 327 328 332 335 344 347 350 353 356 357 358 360 363 365 367
 369 374 375 380 381 382 383 390 392 393 394 396 399 401 402 404 406 408
 411 412 416 419 424 425 426 427 428 429 434 440 441 446 451 452 454 456
 457 459 460 461 462 463 464 465 467 469 471 472 474 476 479 483 487 489
 493 494 497 500 503 505 506 511 519 520 521 525 526 529 530 532 533 535
 536 538 541 542 543 544 545 549 550 551 558 559 560 561 562 571 572 575
 577 582 583 584 588 589 594 595 597 598 599 602 603 604 606 607 608 609
 612 614 616 617 619 622 625 626 627 630 631 633 636 637 638 639 640 643
 644 645 647 648 650 655 656 657 659 660 666 668 669 671 672 673 676 677
 678 679 681 684 685 687 688 691 692 694 696 697 700 703 707 709 710 712
 715 717 719 723 725 729 730 731 733 735 736 738 740 744 748 751]",0.9736842105263158,115.41514921188354
30,"[1 0 0 1 1 0 0 1 1 1 0 0 1 0 1 0 0 1 1 1 0 0 0 1 1 0 1 0 1 0 0 1 0 1 0 0 1
 0 1 0 0 0 1 0 0 1 1 1 0 1 1 1 0 1 1 0 0 0 0 1 1 1 1 0 1 0 1 0 0 0 1 1 1 1
 1 0 0 0 1 0 1 0 0 1 0 0 0 0 0 1 1 0 0 0 1 1 1 0 0 1 0 0 1 0 1 0 0 1 0 0 0
 0 1 1 0 1 1 1 0 1 1 1 1 0 1 1 0 1 1 1 0 1 1 0 0 1 0 1 0 0 1 0 0 1 1 1 0 1
 1 1 0 0 1 1 1 1 0 1 1 1 0 0 0 0 0 1 1 0 1 1 0 0 0 0 1 1 1 1 1 0 1 1 1 1 0
 1 0 0 0 0 0 0 0 0 1 1 1 0 0 1 1 0 1 1 1 0 1 1 1 1 0 0 0 0 0 0 1 0 1 1 0 0
 0 1 1 0 1 1 1 0 0 1 1 1 1 0 1 0 0 0 1 0 1 0 0 0 0 1 0 0 1 0 0 1 0 1 1 0 1
 0 1 0 0 1 1 1 0 1 1 0 0 0 1 1 0 0 1 1 0 0 1 1 0 0 0 0 0 0 1 1 0 0 1 0 0 0
 1 0 1 0 0 0 0 0 0 1 0 1 1 0 1 0 0 1 0 0 0 1 1 0 0 1 1 1 1 0 1 1 0 1 1 1 1
 0 0 0 1 1 1 1 0 0 0 1 1 1 0 1 0 0 1 0 0 1 0 1 0 0 0 0 1 1 0 1 0 1 1 0 1 1
 1 1 0 0 0 1 1 0 1 1 1 0 1 1 0 1 1 0 1 1 1 1 1 1 1 0 0 0 0 0 0 1 0 0 1 0 1
 0 1 1 1 0 0 0 1 1 0 1 1 0 1 0 0 1 1 1 0 1 0 0 0 0 1 1 0 0 1 0 1 1 1 1 0 1
 0 1 1 0 1 1 0 1 1 0 1 0 0 1 0 1 0 1 1 0 0 0 1 0 1 0 1 1 0 0 1 0 0 0 1 1 1
 0 0 0 1 1 1 0 0 0 1 0 1 0 1 0 1 0 0 0 0 0 1 0 1 1 1 0 1 1 1 0 1 1 0 1 1 1
 0 0 0 0 1 0 0 0 1 0 1 0 0 1 0 0 1 1 1 1 1 0 1 1 1 1 0 0 1 1 0 1 0 1 1 0 1
 1 0 1 1 0 0 0 0 0 0 0 0 1 1 0 0 1 0 0 1 1 0 1 0 0 0 1 1 1 1 1 0 0 1 1 1 1
 1 1 1 1 1 1 0 0 0 0 1 1 0 1 1 0 0 0 1 0 1 0 1 1 1 0 1 0 0 1 0 0 1 1 0 0 1
 0 1 0 0 0 1 1 0 0 0 1 1 1 1 0 0 0 0 1 0 0 1 1 1 1 1 0 0 1 0 0 1 1 1 0 1 0
 1 1 0 0 0 0 0 1 0 1 1 1 1 0 0 0 0 0 1 0 1 1 0 0 1 1 1 1 1 0 1 0 1 0 0 1 0
 0 0 0 0 1 0 0 1 0 0 1 0 0 0 1 1 0 0 1 0 0 1 0 0 0 0 1 0 1 1 1 1 0 0 0 1 0
 0 0 1 0 0 0 0 1 1 1 0 1 0]","[  0   3   4   7   8   9  12  14  17  18  19  23  24  26  28  31  33  36
  38  42  45  46  47  49  50  51  53  54  59  60  61  62  64  66  70  71
  72  73  74  78  80  83  89  90  94  95  96  99 102 104 107 112 113 115
 116 117 119 120 121 122 124 125 127 128 129 131 132 135 137 140 143 144
 145 147 148 149 152 153 154 155 157 158 159 165 166 168 169 174 175 176
 177 178 180 181 182 183 185 194 195 196 199 200 202 203 204 206 207 208
 209 216 218 219 223 224 226 227 228 231 232 233 234 236 240 242 247 250
 253 255 256 258 260 263 264 265 267 268 272 273 276 277 280 281 288 289
 292 296 298 305 307 308 310 313 317 318 321 322 323 324 326 327 329 330
 331 332 336 337 338 339 343 344 345 347 350 353 355 360 361 363 365 366
 368 369 370 371 375 376 378 379 380 382 383 385 386 388 389 390 391 392
 393 394 401 404 406 408 409 410 414 415 417 418 420 423 424 425 427 432
 433 436 438 439 440 441 443 445 446 448 449 451 452 454 457 459 461 462
 466 468 470 471 474 478 479 480 484 485 486 490 492 494 496 502 504 505
 506 508 509 510 512 513 515 516 517 522 526 528 531 534 535 536 537 538
 540 541 542 543 546 547 549 551 552 554 555 557 558 567 568 571 574 575
 577 581 582 583 584 585 588 589 590 591 592 593 594 595 596 597 602 603
 605 606 610 612 614 615 616 618 621 624 625 628 630 634 635 639 640 641
 642 647 650 651 652 653 654 657 660 661 662 664 666 667 673 675 676 677
 678 684 686 687 690 691 692 693 694 696 698 701 707 710 713 717 718 721
 724 729 731 732 733 734 738 742 747 748 749 751]",0.9868421052631579,170.1425096988678
40,"[0 1 0 0 0 0 0 1 0 1 1 0 1 0 1 1 1 0 0 0 0 1 0 1 0 1 0 1 1 1 0 0 1 0 1 0 0
 1 0 1 1 0 0 1 0 0 1 1 1 1 1 1 0 1 0 1 0 1 0 1 1 0 1 1 0 1 1 0 1 0 1 0 0 0
 1 1 1 1 0 0 0 0 0 0 0 0 0 1 0 1 0 1 0 0 0 1 0 0 0 0 0 1 0 1 1 1 0 1 0 1 0
 1 0 0 0 0 0 1 1 1 0 1 0 1 0 1 1 1 1 0 1 0 0 1 0 1 0 0 1 0 0 1 0 0 1 0 1 1
 0 1 1 1 1 1 0 0 1 1 1 1 0 0 1 0 0 1 1 1 0 1 0 1 1 0 0 0 0 1 0 0 0 1 0 0 0
 1 1 0 0 0 0 1 0 0 1 1 0 1 0 0 0 1 0 1 0 1 0 0 1 1 0 1 0 0 0 1 0 1 0 0 1 0
 0 0 1 0 0 1 1 0 1 0 0 1 0 1 1 1 1 1 0 1 1 0 1 1 1 1 1 0 0 1 1 1 0 1 0 0 1
 1 0 0 1 0 0 0 0 0 0 1 1 0 1 0 0 0 0 0 0 0 1 0 0 0 0 1 0 1 0 1 1 0 0 0 0 0
 0 1 0 1 1 0 0 1 0 0 1 1 1 0 0 0 0 0 1 1 0 1 0 1 0 1 0 1 0 0 1 0 0 1 1 1 1
 0 1 1 1 1 0 1 0 0 0 0 1 1 1 0 0 0 0 0 1 1 0 0 0 1 0 1 0 1 1 0 1 1 0 1 0 1
 0 1 0 1 0 0 1 1 0 0 0 1 1 1 1 1 1 0 1 1 0 0 1 1 1 0 1 0 1 0 0 0 1 0 0 1 0
 1 0 1 1 0 0 1 0 1 0 0 1 1 1 1 1 0 1 1 1 1 1 0 0 1 1 1 0 0 1 0 0 1 1 1 0 0
 0 1 0 0 1 1 1 0 0 0 0 0 0 1 1 0 0 0 1 1 0 1 0 1 1 0 0 1 0 1 1 1 0 1 0 0 0
 0 1 0 1 0 1 0 1 0 0 1 0 1 1 0 0 0 1 0 1 1 0 0 0 1 0 1 1 1 0 0 0 1 1 1 0 1
 0 0 0 1 0 1 1 1 1 0 1 0 1 1 0 0 1 0 1 0 0 0 1 0 0 0 1 0 0 0 0 1 0 0 0 0 0
 0 0 0 1 1 1 1 0 0 1 0 1 1 0 0 0 0 0 1 0 0 0 1 0 0 1 1 0 0 1 0 1 1 1 0 0 1
 1 0 1 1 0 1 1 1 0 1 0 0 1 1 0 1 1 0 0 0 0 1 1 0 0 1 0 1 0 0 1 1 1 0 1 1 1
 0 0 1 0 0 1 0 1 1 0 0 0 1 0 1 1 1 0 1 1 1 0 0 0 0 0 1 1 1 0 0 1 1 1 1 0 1
 1 0 0 1 1 1 1 0 0 1 1 0 0 1 0 0 0 1 1 1 0 1 1 1 1 1 1 0 1 0 0 1 1 1 1 0 0
 1 1 0 1 0 1 0 0 1 0 0 0 0 1 1 1 1 0 1 1 1 0 1 1 0 1 0 1 0 1 0 0 1 0 1 1 0
 0 0 1 0 1 0 1 1 1 1 1 1 0]","[  1   7   9  10  12  14  15  16  21  23  25  27  28  29  32  34  37  39
  40  43  46  47  48  49  50  51  53  55  57  59  60  62  63  65  66  68
  70  74  75  76  77  87  89  91  95 101 103 104 105 107 109 111 117 118
 119 121 123 125 126 127 128 130 133 135 138 141 144 146 147 149 150 151
 152 153 156 157 158 159 162 165 166 167 169 171 172 177 181 185 186 191
 194 195 197 201 203 205 208 209 211 215 217 220 224 227 228 230 233 235
 236 237 238 239 241 242 244 245 246 247 248 251 252 253 255 258 259 262
 269 270 272 280 285 287 289 290 297 299 300 303 306 307 308 314 315 317
 319 321 323 326 329 330 331 332 334 335 336 337 339 344 345 346 352 353
 357 359 361 362 364 365 367 369 371 373 376 377 381 382 383 384 385 386
 388 389 392 393 394 396 398 402 405 407 409 410 413 415 418 419 420 421
 422 424 425 426 427 428 431 432 433 436 439 440 441 445 448 449 450 457
 458 462 463 465 467 468 471 473 474 475 477 482 484 486 488 491 493 494
 498 500 501 505 507 508 509 513 514 515 517 521 523 524 525 526 528 530
 531 534 536 540 544 549 558 559 560 561 564 566 567 573 577 580 581 584
 586 587 588 591 592 594 595 597 598 599 601 604 605 607 608 613 614 617
 619 622 623 624 626 627 628 631 634 636 637 641 643 644 645 647 648 649
 655 656 657 660 661 662 663 665 666 669 670 671 672 675 676 679 683 684
 685 687 688 689 690 691 692 694 697 698 699 700 703 704 706 708 711 716
 717 718 719 721 722 723 725 726 728 730 732 735 737 738 742 744 746 747
 748 749 750 751]",0.9736842105263158,184.74477338790894
50,"[1 0 0 1 0 0 0 0 1 0 1 0 1 1 1 1 1 1 1 0 0 0 1 0 1 0 0 1 0 0 1 1 1 1 1 0 0
 1 1 1 0 1 0 0 1 1 0 0 1 1 1 0 0 0 0 0 0 1 0 0 1 1 1 0 0 1 1 1 1 1 1 1 0 1
 1 1 0 1 0 0 0 1 0 1 0 1 0 1 1 0 1 0 1 0 0 1 0 1 0 0 0 0 1 0 0 1 0 0 0 0 0
 0 1 0 1 0 0 0 0 0 0 1 1 0 0 1 1 1 1 1 1 1 0 1 0 1 1 0 0 0 0 1 1 1 0 1 0 0
 1 1 0 1 1 1 1 0 1 1 1 1 1 1 1 1 0 1 1 0 0 1 1 1 1 1 0 1 1 0 1 0 0 1 1 1 1
 1 1 1 1 1 0 0 1 0 1 1 1 1 1 1 1 1 1 0 1 1 0 1 0 1 0 1 0 0 0 0 1 0 0 1 1 1
 1 1 0 0 1 0 0 1 0 1 1 0 1 1 1 1 1 1 1 0 1 0 0 0 1 0 0 0 0 1 1 0 1 1 0 1 1
 1 0 0 1 0 1 1 0 0 1 1 1 0 1 0 0 0 1 0 1 0 1 1 1 0 0 1 1 0 0 0 0 0 1 0 0 1
 1 1 1 0 1 1 0 0 1 1 0 0 0 0 0 1 0 1 0 1 1 0 1 1 1 0 1 0 1 1 1 0 1 1 1 1 1
 0 0 0 1 1 0 0 1 1 0 1 1 1 1 0 1 1 1 0 0 1 0 1 1 0 0 1 1 1 1 1 1 1 0 0 0 1
 1 0 1 1 0 0 1 0 1 1 0 1 1 0 1 1 1 1 0 1 1 1 1 1 1 0 1 0 0 0 0 0 0 1 0 1 0
 1 1 1 0 1 0 0 0 0 1 1 0 0 1 0 1 1 1 1 1 1 1 1 0 0 0 1 0 0 1 0 0 0 0 1 1 1
 0 1 0 0 1 0 0 1 1 0 0 0 1 0 1 1 0 0 1 1 1 0 1 0 1 0 1 1 1 0 0 0 1 1 1 0 1
 1 0 1 1 0 1 0 1 1 0 0 0 1 1 0 1 0 1 0 0 1 0 0 0 1 0 0 1 0 1 1 1 1 1 1 0 0
 0 1 1 1 1 0 0 0 0 1 0 0 0 1 0 1 1 0 1 1 1 0 1 0 1 1 0 0 1 1 1 0 1 1 1 0 1
 0 0 1 0 1 0 0 0 1 1 0 1 0 1 0 0 0 0 1 1 0 1 0 1 0 1 1 1 1 0 0 0 1 1 1 1 1
 1 1 0 0 1 0 0 1 1 0 1 0 1 1 1 1 1 0 0 1 1 1 0 1 0 0 1 0 1 0 0 0 1 0 0 1 1
 0 1 1 0 1 1 1 0 0 1 0 0 1 1 0 1 1 1 0 1 0 1 0 1 1 1 0 1 1 0 1 1 1 1 0 0 1
 0 0 0 1 0 0 1 0 0 0 1 0 0 0 1 0 0 1 1 1 0 0 0 0 0 1 1 0 0 0 0 1 1 1 0 0 1
 0 0 0 0 0 0 0 0 0 0 0 0 0 1 0 1 0 1 0 1 1 1 0 0 0 1 1 0 1 1 0 1 1 0 0 1 0
 1 0 0 0 1 1 0 1 0 1 1 1 0]","[  0   3   8  10  12  13  14  15  16  17  18  22  24  27  30  31  32  33
  34  37  38  39  41  44  45  48  49  50  57  60  61  62  65  66  67  68
  69  70  71  73  74  75  77  81  83  85  87  88  90  92  95  97 102 105
 112 114 121 122 125 126 127 128 129 130 131 133 135 136 141 142 143 145
 148 149 151 152 153 154 156 157 158 159 160 161 162 163 165 166 169 170
 171 172 173 175 176 178 181 182 183 184 185 186 187 188 189 192 194 195
 196 197 198 199 200 201 202 204 205 207 209 211 216 219 220 221 222 223
 226 229 231 232 234 235 236 237 238 239 240 242 246 251 252 254 255 257
 258 259 262 264 265 268 269 270 272 276 278 280 281 282 285 286 292 295
 296 297 298 300 301 304 305 311 313 315 316 318 319 320 322 324 325 326
 328 329 330 331 332 336 337 340 341 343 344 345 346 348 349 350 353 355
 356 359 360 361 362 363 364 365 369 370 372 373 376 378 379 381 382 384
 385 386 387 389 390 391 392 393 394 396 403 405 407 408 409 411 416 417
 420 422 423 424 425 426 427 428 429 433 436 441 442 443 445 448 451 452
 456 458 459 462 463 464 466 468 470 471 472 476 477 478 480 481 483 484
 486 488 489 493 494 496 498 501 505 508 510 511 512 513 514 515 519 520
 521 522 527 531 533 534 536 537 538 540 542 543 546 547 548 550 551 552
 554 557 559 563 564 566 568 573 574 576 578 580 581 582 583 587 588 589
 590 591 592 593 596 599 600 602 604 605 606 607 608 611 612 613 615 618
 620 624 627 628 630 631 633 634 635 638 641 642 644 645 646 648 650 652
 653 654 656 657 659 660 661 662 665 669 672 676 680 683 684 685 691 692
 697 698 699 702 716 718 720 722 723 724 728 729 731 732 734 735 738 740
 744 745 747 749 750 751]",0.9868421052631579,231.53305506706238
60,"[1 0 1 0 0 0 1 0 0 0 0 1 0 1 0 1 1 0 0 0 1 1 1 0 1 1 0 0 0 1 1 0 1 0 0 0 0
 0 0 0 1 0 1 1 0 1 1 1 0 0 0 1 0 1 1 1 1 0 1 0 1 0 1 0 1 1 0 1 0 0 1 1 1 0
 1 1 1 0 1 0 0 0 0 0 0 0 1 0 1 1 0 0 0 0 1 1 0 1 0 0 0 1 0 0 1 0 1 0 1 1 0
 0 1 0 1 0 0 0 1 0 0 1 1 0 0 0 1 1 0 1 0 1 1 0 1 0 1 1 0 1 1 1 1 1 1 1 1 0
 1 0 0 0 0 0 0 0 0 1 1 1 1 1 1 1 0 0 1 0 0 0 1 1 1 1 0 0 0 1 1 0 1 1 0 1 1
 0 1 1 1 1 0 1 1 0 1 1 1 0 0 0 1 1 1 1 0 0 0 0 0 1 0 1 1 0 1 0 0 0 0 0 1 1
 0 1 0 0 0 1 0 1 0 1 1 0 0 0 1 0 1 1 0 1 1 0 1 1 1 1 0 0 0 1 0 1 0 0 1 0 0
 1 0 0 1 1 1 1 0 0 0 1 1 0 0 1 0 1 0 0 1 0 0 1 0 0 0 0 1 1 1 1 0 0 0 1 1 0
 1 1 0 1 1 1 1 1 0 0 0 0 0 0 0 0 1 0 1 1 1 0 1 0 0 0 0 1 1 1 1 0 0 1 0 0 0
 0 0 0 1 1 1 0 0 0 0 0 1 1 0 1 0 1 1 0 1 0 0 1 0 0 0 1 0 1 1 0 0 1 1 1 1 1
 0 1 0 0 0 0 0 1 0 0 1 1 0 0 1 0 1 1 1 1 0 0 0 1 0 1 0 1 0 1 0 1 1 1 0 1 0
 0 1 1 0 1 0 0 0 0 0 1 1 1 0 0 0 1 0 0 1 0 1 0 0 0 1 0 0 0 0 0 1 1 0 0 1 0
 1 1 1 1 1 1 1 0 1 0 1 0 1 1 1 1 0 1 0 1 1 1 1 1 1 1 0 1 0 0 0 0 1 1 0 0 1
 1 1 1 1 0 1 0 0 0 1 1 0 0 1 0 0 1 1 0 1 1 1 0 0 1 0 1 0 0 1 1 1 1 0 1 1 0
 1 0 1 1 1 0 1 0 0 0 1 0 0 1 0 0 1 1 0 0 0 0 0 0 0 1 0 0 1 1 0 0 0 1 0 0 0
 0 1 0 1 0 0 0 1 1 1 1 1 1 0 0 0 1 1 1 0 0 1 1 0 1 0 1 0 0 0 0 1 0 1 0 1 0
 1 0 0 1 1 1 0 0 1 0 0 0 1 0 0 1 0 0 0 1 1 1 1 1 1 0 0 1 1 0 0 0 0 1 1 1 0
 0 1 0 0 1 0 1 0 1 0 0 1 1 0 1 1 1 1 0 1 1 1 0 0 1 0 1 1 1 1 1 1 1 0 1 0 1
 0 1 0 0 0 0 1 1 1 0 1 0 1 1 0 0 0 1 0 1 0 1 1 0 0 1 0 0 0 0 1 0 0 1 1 0 1
 0 0 1 0 0 0 1 0 1 1 0 0 1 0 0 1 0 1 0 1 0 1 0 1 0 0 0 1 1 1 0 1 1 1 0 1 1
 0 1 0 1 0 1 0 1 1 0 1 0 1]","[  0   2   6  11  13  15  16  20  21  22  24  25  29  30  32  40  42  43
  45  46  47  51  53  54  55  56  58  60  62  64  65  67  70  71  72  74
  75  76  78  86  88  89  94  95  97 101 104 106 108 109 112 114 118 121
 122 126 127 129 131 132 134 136 137 139 140 141 142 143 144 145 146 148
 157 158 159 160 161 162 163 166 170 171 172 173 177 178 180 181 183 184
 186 187 188 189 191 192 194 195 196 200 201 202 203 209 211 212 214 220
 221 223 227 229 231 232 236 238 239 241 242 244 245 246 247 251 253 256
 259 262 263 264 265 269 270 273 275 278 281 286 287 288 289 293 294 296
 297 299 300 301 302 303 312 314 315 316 318 323 324 325 326 329 336 337
 338 344 345 347 349 350 352 355 359 361 362 365 366 367 368 369 371 377
 380 381 384 386 387 388 389 393 395 397 399 401 402 403 405 408 409 411
 417 418 419 423 426 428 432 438 439 442 444 445 446 447 448 449 450 452
 454 456 457 458 459 461 463 464 465 466 467 468 469 471 476 477 480 481
 482 483 484 486 490 491 494 497 498 500 501 502 505 507 510 511 512 513
 515 516 518 520 521 522 524 528 531 534 535 543 546 547 551 556 558 562
 563 564 565 566 567 571 572 573 576 577 579 581 586 588 590 592 595 596
 597 600 604 607 611 612 613 614 615 616 619 620 625 626 627 630 633 635
 637 640 641 643 644 645 646 648 649 650 653 655 656 657 658 659 660 661
 663 665 667 672 673 674 676 678 679 683 685 687 688 691 696 699 700 702
 705 709 711 712 715 718 720 722 724 726 730 731 732 734 735 736 738 739
 741 743 745 747 748 750 752]",0.9736842105263158,255.18621730804443
70,"[1 1 1 0 0 0 0 1 0 1 1 1 1 0 1 1 1 1 0 1 0 1 0 1 1 1 1 0 1 0 0 1 0 1 0 1 0
 1 0 0 0 1 1 1 1 1 0 0 1 1 1 0 0 1 0 1 0 0 1 1 0 0 1 0 1 1 1 1 0 0 1 0 0 0
 1 1 1 0 0 1 0 1 0 0 0 0 0 0 1 1 0 1 0 0 0 1 1 0 0 1 1 1 1 1 0 1 1 0 0 1 1
 1 0 1 1 1 0 1 0 0 1 1 1 1 0 0 0 0 0 0 0 1 0 0 1 0 1 0 1 0 1 0 0 0 0 0 0 0
 0 0 1 0 1 0 1 0 0 1 1 1 1 1 1 1 1 0 0 0 1 0 0 1 0 1 1 0 0 0 1 1 0 1 0 1 0
 0 1 0 0 1 1 1 1 0 1 1 1 1 1 1 1 1 1 1 1 1 1 1 0 0 1 0 1 1 1 0 1 0 1 0 1 0
 1 1 0 0 0 0 1 1 1 0 1 0 0 1 1 1 1 1 1 1 1 1 1 1 0 0 0 0 0 0 0 1 0 0 0 0 0
 0 1 0 0 0 0 1 0 0 1 0 1 1 1 1 1 1 1 0 1 0 1 1 0 0 0 1 1 0 1 0 1 1 1 1 1 0
 0 1 0 1 0 1 0 1 0 0 1 1 1 1 1 1 1 1 1 1 0 0 0 0 0 1 1 1 0 0 1 0 1 0 1 0 1
 1 1 1 0 1 1 1 1 1 0 0 1 0 0 0 0 0 1 1 0 0 0 0 1 0 0 1 0 0 0 0 1 1 1 1 1 1
 1 1 1 0 0 0 1 0 0 1 0 1 0 0 1 1 0 0 1 1 0 1 0 1 1 0 0 0 0 0 1 1 1 0 0 1 0
 0 1 0 0 1 1 1 0 0 1 0 1 0 0 1 1 0 1 1 0 1 1 1 0 0 1 1 1 1 0 1 1 1 0 1 0 1
 1 1 0 0 1 1 0 1 0 0 0 0 1 0 0 1 1 1 0 0 1 1 0 1 0 1 1 1 1 1 1 0 0 0 1 0 1
 0 1 0 0 0 1 1 1 0 1 1 0 1 0 1 0 0 0 1 1 1 0 1 0 1 1 0 1 0 1 1 1 0 0 1 0 1
 0 1 1 1 0 0 1 0 1 0 0 0 0 1 0 0 1 0 1 1 1 1 1 1 0 1 1 0 1 1 0 0 0 1 1 1 1
 0 1 1 0 0 1 0 1 0 1 1 0 1 0 0 1 1 0 1 0 0 1 1 1 1 1 1 1 0 1 0 0 0 1 0 0 0
 0 0 0 1 1 0 0 1 1 0 0 0 0 0 1 0 0 0 0 1 0 1 1 1 0 1 1 0 1 0 0 1 1 0 0 1 1
 0 0 1 0 0 1 1 1 0 0 1 0 0 1 0 0 0 0 0 1 0 0 1 0 1 1 0 0 0 0 1 0 0 1 1 0 0
 0 0 1 1 1 1 1 1 0 0 0 0 0 0 1 0 0 0 1 0 0 0 0 1 0 1 1 0 0 0 0 1 0 1 1 0 0
 1 0 0 0 0 0 1 1 0 1 0 0 1 0 0 0 1 0 0 0 1 1 0 0 1 0 0 1 1 1 0 1 0 0 0 0 1
 0 0 0 0 0 1 0 1 0 1 1 0 0]","[  0   1   2   7   9  10  11  12  14  15  16  17  19  21  23  24  25  26
  28  31  33  35  37  41  42  43  44  45  48  49  50  53  55  58  59  62
  64  65  66  67  70  74  75  76  79  81  88  89  91  95  96  99 100 101
 102 103 105 106 109 110 111 113 114 115 117 120 121 122 123 131 134 136
 138 140 150 152 154 157 158 159 160 161 162 163 164 168 171 173 174 178
 179 181 183 186 189 190 191 192 194 195 196 197 198 199 200 201 202 203
 204 205 206 207 210 212 213 214 216 218 220 222 223 228 229 230 232 235
 236 237 238 239 240 241 242 243 244 245 253 260 265 268 270 271 272 273
 274 275 276 278 280 281 285 286 288 290 291 292 293 294 297 299 301 303
 306 307 308 309 310 311 312 313 314 315 321 322 323 326 328 330 332 333
 334 335 337 338 339 340 341 344 350 351 356 359 364 365 366 367 368 369
 370 371 372 376 379 381 384 385 388 389 391 393 394 400 401 402 405 408
 411 412 413 416 418 421 422 424 425 427 428 429 432 433 434 435 437 438
 439 441 443 444 445 448 449 451 456 459 460 461 464 465 467 469 470 471
 472 473 474 478 480 482 486 487 488 490 491 493 495 499 500 501 503 505
 506 508 510 511 512 515 517 519 520 521 524 526 531 534 536 537 538 539
 540 541 543 544 546 547 551 552 553 554 556 557 560 562 564 565 567 570
 571 573 576 577 578 579 580 581 582 584 588 595 596 599 600 606 611 613
 614 615 617 618 620 623 624 627 628 631 634 635 636 639 642 648 651 653
 654 659 662 663 668 669 670 671 672 673 680 684 689 691 692 697 699 700
 703 709 710 712 715 719 723 724 727 730 731 732 734 739 745 747 749 750]",0.9736842105263158,316.2361900806427
80,"[1 0 0 0 1 0 0 0 1 0 0 1 0 1 0 1 0 0 0 1 0 1 1 0 1 0 1 0 1 0 0 0 0 0 1 0 0
 1 0 1 0 0 1 1 0 0 0 1 1 0 1 1 0 1 1 0 0 1 1 0 0 1 0 0 1 0 0 0 1 0 0 1 1 1
 1 1 0 1 1 1 0 0 1 1 1 1 1 1 1 0 0 0 0 1 0 1 0 0 1 0 0 0 1 0 0 1 1 0 0 0 0
 0 1 0 0 1 1 0 1 0 1 1 1 1 0 0 0 0 0 0 0 1 1 0 0 1 0 0 0 0 0 1 0 1 0 1 0 0
 1 0 1 0 1 1 0 0 1 0 0 0 0 0 0 0 0 0 0 0 0 0 0 0 0 0 1 1 1 0 0 1 1 0 0 1 0
 1 1 0 0 1 0 1 0 0 1 0 0 0 0 1 1 1 0 0 1 0 1 0 1 1 0 0 0 1 1 1 1 1 0 0 1 1
 1 0 0 0 0 1 0 1 1 0 1 0 0 1 0 1 0 0 0 1 0 0 1 1 0 0 0 0 0 1 1 1 0 1 1 1 0
 1 1 1 1 1 1 1 0 1 0 0 1 0 1 0 0 1 0 0 0 0 1 0 1 1 1 1 0 1 0 0 0 0 1 0 0 0
 0 0 0 0 1 0 0 0 1 1 1 0 0 0 1 1 0 1 0 1 1 0 1 0 1 1 1 1 0 1 0 1 1 0 0 0 0
 1 0 1 1 1 1 1 1 0 0 1 0 0 1 1 1 1 0 1 1 0 1 1 0 0 1 1 1 1 1 1 1 0 1 1 0 1
 1 0 0 0 0 1 1 1 1 1 0 1 1 1 0 0 1 0 1 0 0 0 1 0 0 1 0 1 1 1 0 0 1 0 1 1 1
 0 0 0 0 1 0 0 0 0 1 0 1 1 0 1 0 0 0 0 1 1 0 1 0 0 0 1 0 0 1 0 1 1 0 1 0 0
 0 0 0 0 1 0 1 0 1 1 0 0 1 0 0 1 1 1 0 0 1 1 1 1 1 0 0 1 0 0 0 0 0 0 0 0 1
 1 1 1 1 0 0 1 0 0 1 1 1 1 1 1 0 0 1 1 0 0 0 0 1 0 0 0 0 1 1 0 1 0 0 1 0 1
 0 1 1 1 1 0 1 0 1 1 1 0 1 0 1 0 0 0 1 0 0 1 1 0 1 0 1 0 0 1 0 1 1 0 1 1 1
 1 1 1 0 1 0 0 0 1 1 1 1 0 0 1 1 0 1 1 0 1 0 0 0 1 1 0 1 1 1 0 1 1 1 1 1 0
 0 1 0 0 1 1 0 0 1 1 0 1 1 1 1 1 1 1 1 0 1 0 1 0 0 0 0 1 0 0 1 0 0 0 0 1 1
 1 0 0 1 0 1 0 1 1 1 1 0 0 1 1 1 0 1 0 0 0 1 0 0 0 0 1 1 1 1 1 1 0 0 0 1 0
 0 1 0 0 1 0 0 1 1 1 0 1 1 1 1 1 0 1 1 1 1 1 1 1 1 0 1 1 1 0 0 0 0 0 0 1 0
 0 1 0 1 0 0 1 0 1 1 1 0 1 1 1 0 0 1 1 0 1 1 1 1 0 1 1 0 1 1 0 1 1 1 0 0 0
 0 0 1 1 0 0 1 0 0 0 1 1 0]","[  0   4   8  11  13  15  19  21  22  24  26  28  34  37  39  42  43  47
  48  50  51  53  54  57  58  61  64  68  71  72  73  74  75  77  78  79
  82  83  84  85  86  87  88  93  95  98 102 105 106 112 115 116 118 120
 121 122 123 131 132 135 141 143 145 148 150 152 153 156 174 175 176 179
 180 183 185 186 189 191 194 199 200 201 204 206 208 209 213 214 215 216
 217 220 221 222 227 229 230 232 235 237 241 244 245 251 252 253 255 256
 257 259 260 261 262 263 264 265 267 270 272 275 280 282 283 284 285 287
 292 300 304 305 306 310 311 313 315 316 318 320 321 322 323 325 327 328
 333 335 336 337 338 339 340 343 346 347 348 349 351 352 354 355 358 359
 360 361 362 363 364 366 367 369 370 375 376 377 378 379 381 382 383 386
 388 392 395 397 398 399 402 404 405 406 411 416 418 419 421 426 427 429
 433 436 438 439 441 448 450 452 453 456 459 460 461 464 465 466 467 468
 471 480 481 482 483 484 487 490 491 492 493 494 495 498 499 504 509 510
 512 515 517 519 520 521 522 524 526 527 528 530 532 536 539 540 542 544
 547 549 550 552 553 554 555 556 557 559 563 564 565 566 569 570 572 573
 575 579 580 582 583 584 586 587 588 589 590 593 596 597 600 601 603 604
 605 606 607 608 609 610 612 614 619 622 627 628 629 632 634 636 637 638
 639 642 643 644 646 650 655 656 657 658 659 660 664 667 670 673 674 675
 677 678 679 680 681 683 684 685 686 687 688 689 690 692 693 694 701 704
 706 709 711 712 713 715 716 717 720 721 723 724 725 726 728 729 731 732
 734 735 736 742 743 746 750 751]",0.9868421052631579,347.4814381599426
90,"[0 1 1 0 0 1 0 1 0 1 0 1 1 1 1 1 1 0 0 0 1 1 0 0 1 1 0 1 1 1 0 0 1 1 1 1 0
 0 1 0 0 1 0 0 0 1 0 0 1 0 0 0 1 1 0 1 0 1 1 0 0 0 1 1 0 1 1 0 1 1 1 0 0 1
 0 1 1 1 0 0 1 0 0 0 0 0 0 1 0 1 1 1 0 0 1 0 1 1 1 0 0 1 0 1 1 0 1 0 1 1 0
 1 0 1 1 0 1 0 1 1 1 1 0 0 0 1 1 1 0 1 0 1 1 0 1 0 1 1 0 0 0 0 0 1 1 0 1 0
 0 1 0 0 0 1 0 1 0 1 1 1 0 1 1 0 1 0 1 1 1 0 0 0 0 1 0 1 0 0 0 0 1 0 1 0 0
 0 0 1 1 0 0 0 0 0 1 1 1 0 0 0 1 0 1 1 0 1 1 0 1 0 1 1 1 0 1 1 0 0 1 1 0 0
 0 1 0 1 0 0 1 0 1 0 0 1 0 1 1 1 1 1 0 1 0 0 1 0 0 1 1 0 0 1 0 0 0 0 1 0 0
 1 0 0 0 0 0 1 1 1 1 1 1 1 1 0 0 1 0 1 1 1 1 0 1 1 1 0 1 1 1 0 1 1 1 0 0 1
 1 1 0 0 0 1 0 1 0 0 1 0 0 0 0 0 1 0 1 0 0 1 1 1 1 1 1 1 0 0 0 1 1 1 1 0 1
 0 0 0 0 0 0 1 0 1 1 1 1 1 1 1 0 1 1 0 1 0 0 0 0 1 0 0 0 1 1 0 1 0 1 0 1 0
 0 0 1 1 1 1 0 0 0 1 1 0 0 1 1 1 0 0 0 1 1 0 1 1 0 0 1 0 0 1 1 0 0 1 1 1 1
 1 1 0 0 0 0 1 0 1 0 0 1 1 0 0 0 1 0 1 1 1 1 1 1 0 1 1 1 1 0 0 0 1 1 1 1 1
 1 1 1 0 0 1 0 0 0 1 0 0 0 0 0 1 1 1 1 0 1 0 0 1 0 1 1 1 0 1 0 0 1 0 1 1 0
 0 0 1 0 1 1 1 1 0 0 1 1 1 1 1 1 0 1 0 0 1 0 1 1 1 0 1 1 0 0 1 1 1 1 0 0 1
 1 1 1 0 1 0 0 0 0 1 1 0 1 1 0 0 1 0 0 1 1 0 0 1 0 1 1 0 0 1 1 0 0 1 1 1 1
 0 1 1 1 1 0 0 0 0 1 1 0 1 1 0 1 0 0 1 0 1 1 0 1 1 1 0 0 1 0 0 1 1 1 0 1 1
 0 0 0 0 0 1 0 1 1 1 0 0 0 1 1 0 1 0 0 0 0 0 0 1 1 1 1 1 0 0 0 0 1 1 0 1 0
 1 0 0 0 0 0 0 1 1 0 0 1 0 1 1 1 1 1 1 1 0 1 0 1 1 0 0 0 0 0 1 1 1 0 0 0 1
 0 1 1 1 0 1 1 0 1 0 0 0 0 1 0 1 0 1 0 1 1 1 1 0 0 1 0 1 0 0 0 1 0 1 0 1 1
 1 1 1 1 0 1 0 1 0 0 0 0 1 0 1 1 1 1 1 0 1 1 0 0 1 1 0 0 0 1 1 1 0 1 0 0 0
 0 0 1 0 1 1 0 0 1 0 0 1 0]","[  1   2   5   7   9  11  12  13  14  15  16  20  21  24  25  27  28  29
  32  33  34  35  38  41  45  48  52  53  55  57  58  62  63  65  66  68
  69  70  73  75  76  77  80  87  89  90  91  94  96  97  98 101 103 104
 106 108 109 111 113 114 116 118 119 120 121 125 126 127 129 131 132 134
 136 137 143 144 146 149 153 155 157 158 159 161 162 164 166 167 168 173
 175 180 182 187 188 194 195 196 200 202 203 205 206 208 210 211 212 214
 215 218 219 223 225 228 230 233 235 236 237 238 239 241 244 247 248 251
 256 259 265 266 267 268 269 270 271 272 275 277 278 279 280 282 283 284
 286 287 288 290 291 292 295 296 297 301 303 306 312 314 317 318 319 320
 321 322 323 327 328 329 330 332 339 341 342 343 344 345 346 347 349 350
 352 357 361 362 364 366 368 372 373 374 375 379 380 383 384 385 389 390
 392 393 396 399 400 403 404 405 406 407 408 413 415 418 419 423 425 426
 427 428 429 430 432 433 434 435 439 440 441 442 443 444 445 446 449 453
 459 460 461 462 464 467 469 470 471 473 476 478 479 483 485 486 487 488
 491 492 493 494 495 496 498 501 503 504 505 507 508 511 512 513 514 517
 518 519 520 522 527 528 530 531 534 537 538 541 543 544 547 548 551 552
 553 554 556 557 558 559 564 565 567 568 570 573 575 576 578 579 580 583
 586 587 588 590 591 597 599 600 601 605 606 608 615 616 617 618 619 624
 625 627 629 636 637 640 642 643 644 645 646 647 648 650 652 653 659 660
 661 665 667 668 669 671 672 674 679 681 683 685 686 687 688 691 693 697
 699 701 702 703 704 705 706 708 710 715 717 718 719 720 721 723 724 727
 728 732 733 734 736 742 744 745 748 751]",0.9736842105263158,340.0320088863373
100,"[1 0 1 1 0 1 0 0 0 0 0 0 1 1 0 0 1 1 0 0 1 1 1 1 0 1 0 1 1 1 0 1 0 1 1 0 1
 0 1 0 1 1 1 0 1 0 1 0 1 0 1 1 1 0 0 0 1 0 1 1 1 0 1 0 0 0 0 1 1 0 1 1 0 1
 1 1 1 0 1 1 1 0 1 0 1 0 0 1 1 0 1 1 1 1 1 0 0 0 1 1 1 1 0 0 1 1 0 0 0 0 1
 0 1 0 0 1 1 1 1 1 1 1 0 1 0 0 0 0 0 0 1 1 1 1 0 0 1 1 1 0 1 1 1 1 0 0 1 1
 0 1 1 0 0 1 0 0 1 1 1 1 0 1 1 1 1 0 0 1 0 1 0 1 1 1 1 1 0 0 1 1 1 1 0 1 1
 1 0 0 1 1 1 0 0 0 0 1 1 1 0 1 0 1 1 1 0 0 0 0 1 0 0 1 1 0 1 1 1 1 0 1 0 0
 1 0 1 1 0 1 1 1 0 0 1 0 0 1 1 0 1 0 0 1 1 1 1 0 0 0 0 1 1 1 1 1 1 1 0 1 1
 0 0 0 0 1 1 1 1 1 0 0 0 0 0 0 1 1 1 0 0 1 1 0 1 0 0 0 1 1 1 1 0 1 0 1 0 1
 1 0 0 0 1 1 1 0 1 1 0 1 1 1 1 0 0 1 1 0 1 0 1 1 1 0 0 0 0 0 1 0 1 1 0 1 0
 0 1 1 0 0 1 0 0 0 1 0 1 1 0 1 0 1 1 0 0 0 0 1 0 0 1 1 1 1 1 1 0 1 1 1 1 0
 1 0 1 1 0 0 0 1 0 1 1 1 0 1 1 0 0 1 0 1 0 0 0 1 1 0 1 0 0 1 1 0 0 0 1 0 0
 1 1 1 0 1 0 1 1 1 1 1 1 1 0 1 1 1 0 0 1 1 0 1 1 1 0 0 0 0 1 0 0 1 1 0 0 1
 0 0 1 1 1 1 1 1 0 0 1 1 1 1 1 1 0 0 1 1 1 0 1 0 1 0 0 1 0 0 1 0 0 1 0 1 1
 0 1 1 1 1 1 1 1 0 0 1 0 1 0 1 0 1 0 0 1 0 1 1 1 0 0 0 1 1 1 0 1 1 1 1 0 1
 1 0 0 0 0 1 1 1 1 1 1 0 0 1 0 1 1 0 1 1 0 1 0 1 0 0 1 1 1 0 1 1 0 1 0 0 1
 1 1 0 1 1 1 0 1 0 0 0 0 1 1 1 0 1 1 1 0 1 1 1 1 0 1 1 0 1 0 0 1 1 0 1 1 0
 0 0 0 0 1 1 1 1 1 1 0 1 1 0 0 1 0 0 1 1 1 1 1 0 1 0 1 1 1 1 0 1 1 1 1 1 1
 0 1 0 1 0 1 1 1 1 1 1 1 1 0 1 0 0 1 1 0 1 1 0 1 1 0 1 1 1 1 1 1 1 1 0 1 1
 1 1 1 1 1 1 1 0 1 1 0 1 0 0 1 1 1 1 1 1 1 0 0 1 0 1 1 1 0 1 0 0 1 1 0 1 1
 1 1 1 1 0 1 1 1 1 0 1 1 1 1 1 0 0 1 1 0 0 1 0 1 1 0 0 1 0 0 1 0 1 1 1 1 1
 0 0 0 0 0 1 1 1 0 0 0 1 0]","[  0   2   3   5  12  13  16  17  20  21  22  23  25  27  28  29  31  33
  34  36  38  40  41  42  44  46  48  50  51  52  56  58  59  60  62  67
  68  70  71  73  74  75  76  78  79  80  82  84  87  88  90  91  92  93
  94  98  99 100 101 104 105 110 112 115 116 117 118 119 120 121 123 130
 131 132 133 136 137 138 140 141 142 143 146 147 149 150 153 156 157 158
 159 161 162 163 164 167 169 171 172 173 174 175 178 179 180 181 183 184
 185 188 189 190 195 196 197 199 201 202 203 208 211 212 214 215 216 217
 219 222 224 225 227 228 229 232 235 236 238 241 242 243 244 249 250 251
 252 253 254 255 257 258 263 264 265 266 267 274 275 276 279 280 282 286
 287 288 289 291 293 295 296 300 301 302 304 305 307 308 309 310 313 314
 316 318 319 320 326 328 329 331 334 335 338 342 344 345 347 349 350 355
 358 359 360 361 362 363 365 366 367 368 370 372 373 377 379 380 381 383
 384 387 389 393 394 396 399 400 404 407 408 409 411 413 414 415 416 417
 418 419 421 422 423 426 427 429 430 431 436 439 440 443 446 447 448 449
 450 451 454 455 456 457 458 459 462 463 464 466 468 471 474 477 479 480
 482 483 484 485 486 487 488 491 493 495 497 500 502 503 504 508 509 510
 512 513 514 515 517 518 523 524 525 526 527 528 531 533 534 536 537 539
 541 544 545 546 548 549 551 554 555 556 558 559 560 562 567 568 569 571
 572 573 575 576 577 578 580 581 583 586 587 589 590 596 597 598 599 600
 601 603 604 607 610 611 612 613 614 616 618 619 620 621 623 624 625 626
 627 628 630 632 634 635 636 637 638 639 640 641 643 646 647 649 650 652
 653 655 656 657 658 659 660 661 662 664 665 666 667 668 669 670 671 672
 674 675 677 680 681 682 683 684 685 686 689 691 692 693 695 698 699 701
 702 703 704 705 706 708 709 710 711 713 714 715 716 717 720 721 724 726
 727 730 733 735 736 737 738 739 745 746 747 751]",0.9868421052631579,406.5652024745941
