max_iter,best_solution,best_features,best_fitness,duration
50,"[1 0 0 1 1 1 0 0 0 1 1 0 1 0 1 1 0 0 1 1 0 0 0 0 1 1 0 0 0 0 1 0 1 0 1 0 0
 0 1 0 0 0 1 1 1 1 1 1 0 1 0 0 1 0 0 1 0 0 1 1 1 1 1 1 0 0 1 0 1 1 1 1 0 1
 0 0 1 0 1 1 0 1 0 1 1 1 1 0 0 1 0 0 1 1 0 1 1 0 0 0 0 0 0 1 0 1 1 0 1 0 1
 0 1 0 0 1 1 1 1 0 1 1 1 1 0 1 1 1 0 0 0 1 1 1 1 0 0 0 0 1 0 1 1 0 0 0 1 0
 0 1 1 1 1 1 1 1 1 1 1 0 0 1 0 1 1 0 0 0 0 1 1 1 0 1 1 1 0 1 1 1 1 1 1 1 1
 0 0 0 0 0 1 0 0 1 0 1 1 0 0 1 1 1 0 0 0 1 0 0 1 0 0 0 0 0 0 0 0 1 1 1 1 0
 1 1 0 0 0 1 0 0 1 0 1 0 0 0 1 1 1 1 0 0 0 1 0 1 1 1 0 0 0 0 0 1 1 0 1 0 1
 1 1 0 0 0 1 0 1 1 1 1 0 0 0 0 1 0 1 0 0 1 1 1 0 1 0 0 1 0 1 1 0 0 0 1 1 1
 1 1 1 0 1 0 0 0 0 0 1 1 0 1 1 0 0 0 1 0 1 0 0 1 0 1 1 1 1 1 0 1 1 0 0 0 1
 1 1 1 0 1 0 1 1 0 1 0 0 1 1 1 1 0 1 1 0 1 1 1 1 0 0 1 1 0 0 0 1 1 0 0 0 0
 0 1 1 1 0 1 1 0 1 1 0 0 0 1 1 1 1 0 1 0 0 1 1 0 0 1 0 1 0 0 0 1 1 1 0 1 0
 1 0 0 0 1 1 0 0 1 0 1 0 0 1 0 0 0 1 0 1 0 1 1 1 1 1 1 1 0 0 1 0 0 1 1 1 0
 1 1 0 1 0 0 0 0 0 0 0 0 0 1 1 1 1 0 1 1 0 1 0 1 0 0 0 0 0 1 1 0 0 1 0 1 0
 0 0 1 1 1 1 0 0 0 1 1 0 0 0 1 0 0 0 1 1 0 0 1 0 0 1 0 1 1 0 0 0 1 1 1 1 1
 0 0 1 1 0 1 0 0 1 0 0 1 0 0 0 0 0 1 0 1 1 1 1 1 0 0 0 1 1 1 1 1 0 0 1 0 0
 0 0 1 1 0 0 1 1 1 1 0 1 1 0 0 1 0 1 0 0 1 1 1 1 1 1 0 0 1 0 0 0 1 0 1 1 1
 0 0 1 1 1 1 1 0 1 1 0 0 1 1 1 0 1 0 0 1 0 0 0 0 1 0 0 1 1 0 1 1 1 1 0 0 1
 0 0 0 1 0 1 0 1 1 0 0 1 1 1 0 1 0 1 1 0 0 1 0 1 1 1 0 0 1 1 0 0 0 1 1 0 0
 1 0 0 0 0 1 0 1 1 1 0 0 1 0 1 0 1 0 1 1 1 0 0 1 0 0 0 0 1 0 0 0 0 1 1 1 1
 1 0 1 1 1 0 0 1 0 0 0 0 0 0 1 0 1 1 0 1 0 0 0 0 0 1 0 0 1 1 1 1 1 1 0 1 1
 1 0 0 1 1 0 0 0 0 1 0 0 1]","[  0   3   4   5   9  10  12  14  15  18  19  24  25  30  32  34  38  42
  43  44  45  46  47  49  52  55  58  59  60  61  62  63  66  68  69  70
  71  73  76  78  79  81  83  84  85  86  89  92  93  95  96 103 105 106
 108 110 112 115 116 117 118 120 121 122 123 125 126 127 131 132 133 134
 139 141 142 146 149 150 151 152 153 154 155 156 157 158 161 163 164 169
 170 171 173 174 175 177 178 179 180 181 182 183 184 190 193 195 196 199
 200 201 205 208 217 218 219 220 222 223 227 230 232 236 237 238 239 243
 245 246 247 253 254 256 258 259 260 264 266 267 268 269 274 276 279 280
 281 283 286 288 289 293 294 295 296 297 298 300 306 307 309 310 314 316
 319 321 322 323 324 325 327 328 332 333 334 335 337 339 340 342 345 346
 347 348 350 351 353 354 355 356 359 360 364 365 371 372 373 375 376 378
 379 383 384 385 386 388 391 392 395 397 401 402 403 405 407 411 412 415
 417 420 424 426 428 429 430 431 432 433 434 437 440 441 442 444 445 447
 457 458 459 460 462 463 465 467 473 474 477 479 483 484 485 486 490 491
 495 499 500 503 506 508 509 513 514 515 516 517 520 521 523 526 529 535
 537 538 539 540 541 545 546 547 548 549 552 557 558 561 562 563 564 566
 567 570 572 575 576 577 578 579 580 583 587 589 590 591 594 595 596 597
 598 600 601 604 605 606 608 611 616 619 620 622 623 624 625 628 632 634
 636 637 640 641 642 644 646 647 650 652 653 654 657 658 662 663 666 671
 673 674 675 678 680 682 684 685 686 689 694 699 700 701 702 703 705 706
 707 710 717 719 720 722 728 731 732 733 734 735 736 738 739 740 743 744
 749 752]",0.9736842105263158,9.0955810546875
100,"[1 0 0 0 1 1 1 1 0 1 0 0 1 0 1 1 1 1 0 1 1 0 1 1 0 0 0 0 1 0 0 0 1 0 0 1 0
 0 1 0 0 0 1 1 0 1 1 0 1 0 0 0 1 0 1 0 0 0 0 1 0 0 0 0 0 0 1 0 0 0 1 1 0 1
 0 1 0 1 0 0 0 1 1 1 1 1 0 0 1 0 1 0 0 0 1 0 1 0 0 1 1 1 1 1 1 0 0 0 0 0 0
 1 1 1 0 0 0 0 0 1 0 1 0 1 0 1 1 0 1 0 0 0 0 0 0 0 1 1 0 1 0 1 1 0 0 1 0 1
 1 0 1 0 1 0 0 0 0 0 1 0 0 0 1 1 1 0 1 1 1 1 0 0 1 1 0 0 1 1 1 1 1 0 0 0 0
 0 1 0 0 1 0 1 1 1 0 0 0 0 1 0 0 1 1 0 1 0 1 0 0 1 0 1 1 0 0 0 0 1 1 0 0 0
 0 1 0 1 1 0 1 0 1 1 0 0 0 1 1 1 1 1 0 0 1 1 0 0 0 1 1 0 1 1 1 1 1 0 1 0 1
 0 1 1 1 1 1 1 1 0 0 0 0 0 1 0 0 1 1 0 1 0 0 0 1 1 1 1 1 0 0 0 1 0 0 1 1 1
 1 1 1 0 0 0 1 1 1 1 0 0 1 0 0 1 0 1 1 0 0 0 0 0 0 1 0 0 0 0 0 0 0 1 0 0 1
 0 0 1 0 1 1 0 0 1 1 1 0 0 0 0 0 0 1 1 0 0 1 1 0 0 1 1 1 1 0 0 0 0 1 0 0 1
 0 1 0 0 1 1 0 1 0 1 1 1 1 0 1 0 0 0 0 1 0 1 1 1 0 1 0 1 0 0 1 1 1 0 0 1 0
 0 1 0 0 1 0 1 0 0 0 0 1 1 0 1 1 0 1 0 1 0 0 0 1 0 1 0 0 1 0 0 0 1 1 1 0 1
 1 0 0 1 0 0 1 1 1 1 0 1 1 0 0 0 1 1 1 1 0 1 0 1 0 1 0 0 1 0 0 0 0 1 0 1 0
 1 0 1 0 1 0 1 1 0 1 1 1 1 0 1 0 0 0 0 0 0 1 1 0 1 0 1 0 1 0 1 1 0 0 1 0 1
 0 1 1 0 1 0 0 1 0 1 1 1 1 1 0 0 0 0 1 1 0 0 1 0 1 1 1 0 0 1 1 1 0 0 1 0 1
 1 1 0 0 1 1 1 0 1 1 0 1 1 1 0 0 1 1 0 0 0 0 0 1 1 1 1 1 1 1 1 1 1 0 0 1 0
 1 1 1 1 1 1 1 0 0 1 0 0 0 0 0 1 0 1 0 0 1 0 0 0 0 1 1 1 0 1 0 0 0 0 0 1 0
 1 0 1 0 0 1 0 0 0 1 1 1 0 1 0 0 0 1 1 0 1 1 0 1 1 1 1 0 0 1 1 1 1 0 1 0 0
 1 1 0 1 0 1 1 1 0 0 0 0 0 0 0 1 0 1 0 0 1 0 1 1 1 0 0 0 0 1 1 1 1 0 1 1 0
 1 1 0 0 0 1 0 1 1 1 1 1 0 1 1 0 1 0 1 1 1 1 1 0 1 0 1 0 0 0 0 0 0 0 0 0 1
 1 0 0 0 1 1 0 0 0 0 1 0 0]","[  0   4   5   6   7   9  12  14  15  16  17  19  20  22  23  28  32  35
  38  42  43  45  46  48  52  54  59  66  70  71  73  75  77  81  82  83
  84  85  88  90  94  96  99 100 101 102 103 104 111 112 113 119 121 123
 125 126 128 136 137 139 141 142 145 147 148 150 152 158 162 163 164 166
 167 168 169 172 173 176 177 178 179 180 186 189 191 192 193 198 201 202
 204 206 209 211 212 217 218 223 225 226 228 230 231 235 236 237 238 239
 242 243 247 248 250 251 252 253 254 256 258 260 261 262 263 264 265 266
 272 275 276 278 282 283 284 285 286 290 293 294 295 296 297 298 302 303
 304 305 308 311 313 314 321 329 332 335 337 338 341 342 343 350 351 354
 355 358 359 360 361 366 369 371 374 375 377 379 380 381 382 384 389 391
 392 393 395 397 400 401 402 405 408 411 413 418 419 421 422 424 426 430
 432 435 439 440 441 443 444 447 450 451 452 453 455 456 460 461 462 463
 465 467 469 472 477 479 481 483 485 487 488 490 491 492 493 495 502 503
 505 507 509 511 512 515 517 519 520 522 525 527 528 529 530 531 536 537
 540 542 543 544 547 548 549 552 554 555 556 559 560 561 563 564 566 567
 568 571 572 578 579 580 581 582 583 584 585 586 587 590 592 593 594 595
 596 597 598 601 607 609 612 617 618 619 621 627 629 631 634 638 639 640
 642 646 647 649 650 652 653 654 655 658 659 660 661 663 666 667 669 671
 672 673 681 683 686 688 689 690 695 696 697 698 700 701 703 704 708 710
 711 712 713 714 716 717 719 721 722 723 724 725 727 729 739 740 744 745
 750]",0.9736842105263158,18.493114471435547
150,"[1 1 1 0 0 0 1 0 0 1 1 0 0 0 0 0 0 1 1 1 1 1 1 1 1 0 0 1 0 1 1 1 0 0 1 0 0
 0 0 1 0 1 1 0 1 0 1 0 1 0 0 1 1 0 1 1 0 0 1 1 1 1 1 1 0 1 1 1 0 1 0 1 0 0
 1 0 1 0 0 0 1 1 0 0 0 1 0 0 0 1 0 0 0 1 1 0 0 0 0 0 1 0 1 1 0 1 0 1 1 1 0
 0 0 1 1 1 1 0 1 1 1 1 0 0 0 0 1 0 0 0 1 1 0 1 0 0 1 1 0 0 0 1 1 1 1 0 1 0
 1 1 1 0 0 1 0 0 0 0 1 1 1 0 0 0 1 0 0 0 1 1 0 1 1 0 1 1 1 1 1 1 1 1 1 1 1
 1 1 0 1 1 0 0 1 0 0 0 0 0 0 1 1 0 0 0 1 1 1 0 1 1 1 0 0 0 0 1 1 0 0 0 1 0
 1 0 0 1 0 1 1 1 1 0 1 0 0 0 0 1 1 1 1 1 1 0 1 0 1 0 0 0 0 1 1 1 0 1 1 0 0
 0 1 0 0 1 0 1 0 1 0 1 0 0 0 0 1 0 1 1 1 0 1 1 1 1 0 1 1 0 1 0 0 0 0 1 1 0
 1 0 0 1 0 0 0 0 1 0 1 1 1 0 1 1 0 0 1 1 0 0 1 1 0 0 0 1 0 0 1 1 0 0 1 1 1
 1 1 0 1 1 0 0 0 1 0 1 1 0 1 0 1 0 0 1 0 1 1 0 0 0 0 0 1 0 0 1 0 0 1 0 1 0
 0 1 1 1 0 1 1 0 0 0 1 1 0 1 0 0 1 0 0 0 0 0 1 0 1 0 0 1 0 0 1 1 0 1 0 0 1
 1 1 1 0 1 0 1 0 0 1 1 1 1 0 1 1 1 1 0 1 0 1 1 0 1 1 1 1 0 1 1 0 1 1 0 0 1
 1 1 0 0 1 1 0 1 0 0 0 1 1 0 1 0 0 1 1 1 0 1 1 1 1 0 0 1 1 0 1 0 1 0 0 0 0
 1 1 1 0 0 0 1 1 1 1 0 0 0 0 1 1 1 1 1 1 0 0 0 0 1 1 0 0 0 1 0 0 1 0 0 0 1
 1 0 0 0 0 0 0 1 0 1 1 0 0 0 0 0 0 1 0 1 0 1 1 0 1 0 0 0 0 1 1 0 0 1 1 0 1
 1 0 1 0 0 1 0 1 1 0 0 0 1 1 1 0 1 1 0 0 0 1 0 1 1 0 1 0 0 0 0 0 0 0 0 1 1
 0 1 0 1 0 1 1 1 0 1 1 1 1 0 1 1 1 1 0 0 0 1 1 1 1 0 0 0 1 1 0 0 1 1 0 1 0
 0 1 1 1 1 1 0 0 0 0 1 1 0 1 1 0 1 0 0 0 0 1 0 1 1 0 1 0 1 0 1 0 1 0 0 1 1
 0 1 0 0 0 0 0 1 0 1 0 0 1 1 1 1 1 0 0 0 1 0 0 0 0 0 0 1 1 0 0 0 1 1 0 1 1
 0 0 0 1 1 1 0 0 1 1 0 1 1 0 1 0 1 1 1 0 1 1 1 1 1 0 1 1 1 1 0 1 0 0 0 1 1
 1 0 1 0 1 1 0 1 1 0 0 0 1]","[  0   1   2   6   9  10  17  18  19  20  21  22  23  24  27  29  30  31
  34  39  41  42  44  46  48  51  52  54  55  58  59  60  61  62  63  65
  66  67  69  71  74  76  80  81  85  89  93  94 100 102 103 105 107 108
 109 113 114 115 116 118 119 120 121 126 130 131 133 136 137 141 142 143
 144 146 148 149 150 153 158 159 160 164 168 169 171 172 174 175 176 177
 178 179 180 181 182 183 184 185 186 188 189 192 199 200 204 205 206 208
 209 210 215 216 220 222 225 227 228 229 230 232 237 238 239 240 241 242
 244 246 251 252 253 255 256 260 263 265 267 269 274 276 277 278 280 281
 282 283 285 286 288 293 294 296 299 304 306 307 308 310 311 314 315 318
 319 323 326 327 330 331 332 333 334 336 337 341 343 344 346 348 351 353
 354 360 363 366 368 371 372 373 375 376 380 381 383 386 392 394 397 400
 401 403 406 407 408 409 411 413 416 417 418 419 421 422 423 424 426 428
 429 431 432 433 434 436 437 439 440 443 444 445 448 449 451 455 456 458
 461 462 463 465 466 467 468 471 472 474 476 481 482 483 487 488 489 490
 495 496 497 498 499 500 505 506 510 513 517 518 525 527 528 535 537 539
 540 542 547 548 551 552 554 555 557 560 562 563 567 568 569 571 572 576
 578 579 581 590 591 593 595 597 598 599 601 602 603 604 606 607 608 609
 613 614 615 616 620 621 624 625 627 630 631 632 633 634 639 640 642 643
 645 650 652 653 655 657 659 661 664 665 667 673 675 678 679 680 681 682
 686 693 694 698 699 701 702 706 707 708 711 712 714 715 717 719 720 721
 723 724 725 726 727 729 730 731 732 734 738 739 740 742 744 745 747 748
 752]",0.9605263157894737,27.192241430282593
200,"[1 1 1 1 1 1 1 1 0 1 1 1 1 1 1 0 1 1 1 0 0 1 0 1 1 0 0 1 0 1 1 0 0 1 0 0 1
 1 1 0 1 1 0 1 0 0 1 1 1 1 0 0 1 1 1 1 0 0 1 1 0 0 1 0 0 1 0 0 0 0 1 1 1 1
 1 0 1 0 0 1 1 0 1 1 1 0 0 1 0 1 0 1 0 0 1 0 0 1 1 1 1 0 0 0 1 1 1 0 0 1 1
 1 1 1 0 1 1 1 0 1 1 0 1 1 0 1 1 1 0 1 1 0 1 1 1 1 1 0 1 1 1 0 1 1 1 0 1 0
 1 1 1 1 0 0 1 0 0 0 0 1 0 1 0 0 1 1 1 0 0 0 0 0 0 0 1 1 0 1 1 1 0 1 0 1 1
 1 0 0 1 1 0 0 1 1 0 1 0 0 1 1 1 0 0 0 1 1 0 1 1 0 1 1 0 0 0 1 1 0 1 1 0 0
 0 0 0 1 1 1 0 1 0 0 0 1 1 1 0 0 1 1 0 0 0 0 1 0 1 0 0 0 0 1 1 0 0 0 0 1 0
 1 1 0 0 0 0 0 0 1 1 1 0 1 0 0 1 1 1 1 0 0 1 1 1 0 0 0 1 0 1 1 0 1 0 1 0 1
 0 1 0 1 1 0 1 1 1 1 0 0 1 0 1 1 0 1 0 1 0 1 1 0 0 1 0 1 1 1 1 0 1 1 1 1 1
 0 0 1 1 0 0 0 0 0 0 0 0 1 0 0 0 0 1 1 0 0 0 0 1 1 1 0 1 1 1 0 1 0 0 1 1 0
 1 1 0 0 0 0 1 0 0 1 1 1 0 1 1 1 0 0 0 1 1 1 0 0 0 1 1 1 0 0 1 0 0 0 1 1 1
 0 1 0 0 0 0 1 1 0 1 1 0 0 1 1 0 0 1 1 0 1 1 0 0 0 0 0 1 0 0 1 1 1 0 0 0 1
 0 1 0 1 1 0 0 1 0 1 1 1 0 1 1 1 1 1 1 0 0 0 0 1 1 1 1 0 1 0 1 1 0 0 1 0 1
 1 1 1 1 0 0 0 1 1 0 0 1 0 1 0 1 0 0 0 0 0 0 0 0 0 0 0 0 0 1 1 1 1 1 1 0 1
 0 1 0 0 0 1 0 1 1 1 0 1 1 0 0 1 0 1 1 0 1 1 0 1 1 0 0 1 0 0 0 1 0 1 0 0 1
 1 0 1 1 0 0 1 1 1 0 0 0 1 0 0 0 1 1 0 1 1 0 1 1 0 1 0 0 1 0 1 1 1 0 1 0 0
 0 0 0 0 1 1 0 0 0 1 0 1 1 0 0 0 1 1 0 0 1 1 1 0 0 0 1 1 1 0 1 0 0 1 1 1 1
 1 0 0 1 1 0 1 1 0 0 0 1 0 0 1 0 1 0 1 0 1 1 1 0 0 0 0 1 0 0 1 1 0 0 0 0 1
 0 0 1 1 1 0 1 1 0 1 1 0 1 0 1 1 0 0 0 0 0 0 0 0 1 1 0 0 1 1 1 1 1 0 0 0 1
 1 1 1 1 1 0 1 1 1 0 1 1 1 0 1 1 1 1 1 0 1 1 1 1 0 0 0 0 0 1 0 0 1 1 1 0 0
 0 1 1 1 0 0 1 1 1 0 0 1 1]","[  0   1   2   3   4   5   6   7   9  10  11  12  13  14  16  17  18  21
  23  24  27  29  30  33  36  37  38  40  41  43  46  47  48  49  52  53
  54  55  58  59  62  65  70  71  72  73  74  76  79  80  82  83  84  87
  89  91  94  97  98  99 100 104 105 106 109 110 111 112 113 115 116 117
 119 120 122 123 125 126 127 129 130 132 133 134 135 136 138 139 140 142
 143 144 146 148 149 150 151 154 159 161 164 165 166 174 175 177 178 179
 181 183 184 185 188 189 192 193 195 198 199 200 204 205 207 208 210 211
 215 216 218 219 225 226 227 229 233 234 235 238 239 244 246 251 252 257
 259 260 267 268 269 271 274 275 276 277 280 281 282 286 288 289 291 293
 295 297 299 300 302 303 304 305 308 310 311 313 315 317 318 321 323 324
 325 326 328 329 330 331 332 335 336 345 350 351 356 357 358 360 361 362
 364 367 368 370 371 376 379 380 381 383 384 385 389 390 391 395 396 397
 400 404 405 406 408 413 414 416 417 420 421 424 425 427 428 434 437 438
 439 443 445 447 448 451 453 454 455 457 458 459 460 461 462 467 468 469
 470 472 474 475 478 480 481 482 483 484 488 489 492 494 496 510 511 512
 513 514 515 517 519 523 525 526 527 529 530 533 535 536 538 539 541 542
 545 549 551 554 555 557 558 561 562 563 567 571 572 574 575 577 578 580
 583 585 586 587 589 596 597 601 603 604 608 609 612 613 614 618 619 620
 622 625 626 627 628 629 632 633 635 636 640 643 645 647 649 650 651 656
 659 660 665 668 669 670 672 673 675 676 678 680 681 690 691 694 695 696
 697 698 702 703 704 705 706 707 709 710 711 713 714 715 717 718 719 720
 721 723 724 725 726 732 735 736 737 741 742 743 746 747 748 751 752]",0.9736842105263158,38.172590017318726
250,"[1 1 0 0 0 1 0 1 1 1 0 0 1 1 0 0 1 0 1 0 0 0 0 0 0 1 1 1 1 0 1 1 1 1 0 1 0
 1 1 1 0 1 1 0 1 0 1 1 0 1 1 0 0 0 1 0 1 1 1 0 1 0 1 0 1 1 0 0 0 1 0 1 1 1
 0 1 1 1 1 0 1 1 0 0 0 0 1 0 1 1 1 1 1 0 0 0 1 1 0 1 0 0 0 1 1 0 1 1 0 0 1
 1 1 1 1 0 1 1 1 1 0 0 0 0 0 1 1 0 1 0 0 0 0 1 0 0 1 0 1 0 1 1 1 1 0 0 0 0
 0 1 0 1 1 1 0 0 0 0 1 1 0 1 0 0 0 0 1 1 0 1 0 0 1 0 1 1 1 0 0 0 1 0 1 1 0
 0 1 1 1 1 0 0 1 0 0 1 0 0 1 0 0 1 1 0 1 1 1 1 1 1 0 1 0 0 1 0 1 0 1 1 1 1
 1 0 1 1 0 1 1 1 0 0 0 1 1 1 0 1 1 1 0 0 0 1 0 0 1 0 1 0 0 0 1 1 1 0 1 1 0
 0 0 0 0 0 1 1 0 0 1 1 1 0 0 1 0 1 0 0 1 1 1 0 1 1 1 0 1 0 0 1 1 0 1 1 0 0
 0 0 0 1 1 1 0 1 0 0 0 0 0 1 1 1 0 1 1 0 1 1 1 0 1 0 1 1 1 0 1 1 0 1 0 1 1
 0 0 1 0 1 0 1 1 0 0 1 0 1 0 0 1 0 0 1 1 1 0 1 0 1 0 1 1 1 1 1 1 1 0 1 1 0
 1 1 0 0 0 1 1 0 0 1 1 0 0 1 0 0 1 0 1 0 0 1 0 0 1 1 0 1 1 1 0 1 0 0 0 0 0
 0 1 0 1 0 1 1 1 1 0 0 1 0 1 0 1 0 0 1 1 1 1 1 0 1 1 0 0 0 1 0 1 0 0 0 1 1
 0 0 1 1 1 0 1 1 0 1 1 0 1 1 0 0 0 1 1 1 0 1 1 0 0 1 1 0 1 0 1 1 1 1 0 1 0
 0 0 0 1 1 1 0 0 1 0 0 0 1 0 1 1 1 0 1 0 0 1 1 1 0 0 1 0 0 1 0 0 1 0 1 1 1
 1 0 1 1 0 1 0 1 0 0 1 1 0 0 0 0 1 1 0 0 1 0 1 0 0 0 0 1 1 1 1 0 0 1 0 0 0
 0 1 0 0 1 1 0 0 0 1 1 1 1 0 0 0 0 1 0 1 0 1 0 0 1 1 1 1 0 0 1 0 0 0 1 0 1
 1 1 1 1 1 1 1 0 1 1 0 1 0 0 1 1 0 1 0 1 0 1 1 1 0 0 0 1 1 0 1 1 0 0 1 1 0
 0 1 1 1 1 0 0 0 0 0 1 1 1 1 0 1 0 1 0 1 0 0 0 0 0 1 1 1 1 0 0 1 0 1 1 0 0
 0 1 1 0 1 1 0 1 0 0 0 0 0 0 0 1 1 0 1 1 0 1 0 1 1 1 0 1 1 0 0 0 0 0 1 1 0
 1 1 1 1 1 0 1 0 0 1 0 1 0 0 1 0 1 0 0 1 1 0 0 0 1 0 1 1 1 1 1 0 1 1 0 0 1
 1 0 0 0 0 0 1 1 1 1 0 0 0]","[  0   1   5   7   8   9  12  13  16  18  25  26  27  28  30  31  32  33
  35  37  38  39  41  42  44  46  47  49  50  54  56  57  58  60  62  64
  65  69  71  72  73  75  76  77  78  80  81  86  88  89  90  91  92  96
  97  99 103 104 106 107 110 111 112 113 114 116 117 118 119 125 126 128
 133 136 138 140 141 142 143 149 151 152 153 158 159 161 166 167 169 172
 174 175 176 180 182 183 186 187 188 189 192 195 198 201 202 204 205 206
 207 208 209 211 214 216 218 219 220 221 222 224 225 227 228 229 233 234
 235 237 238 239 243 246 248 252 253 254 256 257 264 265 268 269 270 273
 275 278 279 280 282 283 284 286 289 290 292 293 299 300 301 303 309 310
 311 313 314 316 317 318 320 322 323 324 326 327 329 331 332 335 337 339
 340 343 345 348 351 352 353 355 357 359 360 361 362 363 364 365 367 368
 370 371 375 376 379 380 383 386 388 391 394 395 397 398 399 401 408 410
 412 413 414 415 418 420 422 425 426 427 428 429 431 432 436 438 442 443
 446 447 448 450 451 453 454 456 457 461 462 463 465 466 469 470 472 474
 475 476 477 479 484 485 486 489 493 495 496 497 499 502 503 504 507 510
 513 515 516 517 518 520 521 523 525 528 529 534 535 538 540 545 546 547
 548 551 556 559 560 564 565 566 567 572 574 576 579 580 581 582 585 589
 591 592 593 594 595 596 597 598 600 601 603 606 607 609 611 613 614 615
 619 620 622 623 626 627 630 631 632 633 639 640 641 642 644 646 648 654
 655 656 657 660 662 663 667 668 670 671 673 681 682 684 685 687 689 690
 691 693 694 700 701 703 704 705 706 707 709 712 714 717 719 722 723 727
 729 730 731 732 733 735 736 739 740 746 747 748 749]",0.9605263157894737,47.078693151474
300,"[0 1 0 1 1 1 0 0 1 1 0 0 1 1 1 0 1 1 0 1 1 1 1 0 1 0 1 1 1 1 0 1 0 1 1 0 0
 1 0 1 0 1 1 1 0 1 0 1 1 1 1 0 1 1 0 0 1 1 0 0 1 1 1 1 1 1 1 1 1 1 0 1 1 1
 0 1 1 1 0 1 1 1 1 1 1 0 1 1 0 1 1 1 1 1 1 0 1 1 0 1 0 0 0 1 0 0 1 1 0 1 1
 1 1 1 1 0 0 1 1 0 1 0 0 0 1 1 1 1 1 0 0 1 1 1 1 1 0 0 1 1 1 1 0 1 1 1 1 1
 1 1 0 1 1 1 1 1 0 1 0 1 0 1 1 1 1 1 1 1 1 1 0 1 1 0 1 0 1 0 1 1 1 0 0 1 1
 0 1 1 0 1 0 0 1 0 1 0 1 1 1 1 0 1 1 0 0 1 1 1 1 1 1 1 1 0 0 1 1 0 1 1 1 0
 0 0 0 1 1 0 1 1 1 0 1 0 0 1 0 0 1 0 1 0 0 0 0 1 1 1 1 1 1 1 0 0 0 1 1 1 1
 1 1 1 1 0 1 0 0 1 0 1 1 0 1 0 0 1 0 1 1 0 1 1 1 1 0 1 0 0 1 1 1 1 1 1 0 0
 1 0 1 1 1 1 1 1 0 1 1 1 0 0 1 1 1 0 0 0 0 1 1 0 1 1 0 1 1 1 1 1 0 0 0 1 1
 1 1 1 0 1 1 1 0 1 0 1 0 1 1 0 0 0 0 1 1 1 1 0 1 1 1 1 0 0 1 1 1 1 1 1 1 0
 0 1 1 1 1 1 1 0 1 0 1 1 0 0 0 1 0 0 1 1 0 0 1 1 1 1 0 0 0 1 1 1 1 1 1 0 0
 1 0 1 1 0 0 1 1 1 1 1 0 0 1 1 1 0 0 1 0 1 1 1 0 1 0 0 0 1 1 1 0 0 1 1 1 0
 1 1 1 1 1 0 1 1 1 1 1 0 1 1 1 1 1 1 0 0 1 1 1 1 0 0 1 0 1 1 1 1 1 1 1 0 0
 1 0 1 0 1 1 1 0 1 1 0 1 0 0 1 1 1 0 1 0 1 0 1 0 1 0 1 0 1 1 1 0 1 1 1 0 1
 0 0 1 1 1 1 0 1 1 1 0 1 1 1 1 1 1 0 1 1 1 1 1 1 0 1 1 0 1 1 0 0 1 0 1 1 1
 1 1 0 0 1 1 1 1 1 1 1 0 1 1 1 0 1 1 1 0 1 0 0 1 1 1 1 1 1 1 1 1 1 1 1 0 1
 1 1 1 0 0 1 0 1 1 1 1 1 1 1 1 1 0 1 1 1 1 1 1 1 1 1 1 1 1 1 1 1 0 1 0 1 1
 0 0 0 1 1 1 1 1 1 1 1 1 1 1 0 0 0 1 1 1 0 0 1 1 1 1 1 1 0 1 0 1 0 1 1 0 1
 0 1 0 0 1 1 1 1 1 1 0 1 0 1 0 1 1 1 0 0 1 1 0 1 1 0 0 0 1 0 0 0 0 1 0 0 1
 0 0 0 1 1 0 1 1 1 0 0 1 1 1 1 0 1 1 1 1 0 0 1 1 0 0 1 1 0 1 1 0 1 0 1 0 0
 1 1 1 1 0 1 0 1 1 0 0 0 0]","[  1   3   4   5   8   9  12  13  14  16  17  19  20  21  22  24  26  27
  28  29  31  33  34  37  39  41  42  43  45  47  48  49  50  52  53  56
  57  60  61  62  63  64  65  66  67  68  69  71  72  73  75  76  77  79
  80  81  82  83  84  86  87  89  90  91  92  93  94  96  97  99 103 106
 107 109 110 111 112 113 114 117 118 120 124 125 126 127 128 131 132 133
 134 135 138 139 140 141 143 144 145 146 147 148 149 151 152 153 154 155
 157 159 161 162 163 164 165 166 167 168 169 171 172 174 176 178 179 180
 183 184 186 187 189 192 194 196 197 198 199 201 202 205 206 207 208 209
 210 211 212 215 216 218 219 220 225 226 228 229 230 232 235 238 240 245
 246 247 248 249 250 251 255 256 257 258 259 260 261 262 264 267 269 270
 272 275 277 278 280 281 282 283 285 288 289 290 291 292 293 296 298 299
 300 301 302 303 305 306 307 310 311 312 317 318 320 321 323 324 325 326
 327 331 332 333 334 335 337 338 339 341 343 345 346 351 352 353 354 356
 357 358 359 362 363 364 365 366 367 368 371 372 373 374 375 376 378 380
 381 385 388 389 392 393 394 395 399 400 401 402 403 404 407 409 410 413
 414 415 416 417 420 421 422 425 427 428 429 431 435 436 437 440 441 442
 444 445 446 447 448 450 451 452 453 454 456 457 458 459 460 461 464 465
 466 467 470 472 473 474 475 476 477 478 481 483 485 486 487 489 490 492
 495 496 497 499 501 503 505 507 509 510 511 513 514 515 517 520 521 522
 523 525 526 527 529 530 531 532 533 534 536 537 538 539 540 541 543 544
 546 547 550 552 553 554 555 556 559 560 561 562 563 564 565 567 568 569
 571 572 573 575 578 579 580 581 582 583 584 585 586 587 588 589 591 592
 593 594 597 599 600 601 602 603 604 605 606 607 609 610 611 612 613 614
 615 616 617 618 619 620 621 622 623 625 627 628 632 633 634 635 636 637
 638 639 640 641 642 646 647 648 651 652 653 654 655 656 658 660 662 663
 665 667 670 671 672 673 674 675 677 679 681 682 683 686 687 689 690 694
 699 702 706 707 709 710 711 714 715 716 717 719 720 721 722 725 726 729
 730 732 733 735 737 740 741 742 743 745 747 748]",0.9736842105263158,77.36121940612793
350,"[1 1 0 0 0 0 0 1 1 0 1 0 0 0 1 1 0 0 0 0 0 0 1 0 1 0 0 1 0 0 0 1 0 0 1 0 1
 1 0 0 0 1 1 0 0 1 1 1 1 0 0 1 0 1 1 0 0 1 0 0 1 0 1 0 0 0 1 1 1 1 1 0 1 0
 1 0 1 0 0 1 1 1 1 1 1 0 0 1 1 0 0 0 1 1 0 0 0 1 1 0 1 1 1 1 1 0 0 0 0 0 1
 1 0 1 1 0 1 0 1 1 1 0 1 0 1 1 0 0 0 1 1 0 0 1 1 0 1 1 0 0 0 0 0 1 0 0 1 0
 1 1 0 1 1 1 0 1 0 0 1 1 0 1 0 1 0 0 0 1 0 1 0 1 0 1 0 1 1 1 0 1 0 0 1 1 1
 1 0 1 0 0 0 0 1 1 0 0 0 1 1 0 1 1 0 0 0 0 0 0 0 1 0 1 1 0 0 0 1 1 0 1 0 0
 0 0 1 0 1 1 1 1 0 1 0 1 0 1 0 0 0 1 1 1 0 1 0 0 1 0 0 0 0 1 1 1 0 1 1 0 1
 1 0 0 1 0 0 1 0 1 0 0 0 1 0 0 1 1 0 0 0 1 1 0 0 0 1 1 0 0 1 0 1 0 0 1 1 0
 1 0 0 0 0 1 0 1 0 0 1 0 1 0 0 0 0 1 0 0 1 1 1 0 0 0 0 1 1 1 0 1 0 1 1 0 0
 1 1 1 1 0 1 0 1 1 1 1 0 1 1 0 0 1 0 0 1 0 1 0 1 1 0 1 1 1 0 0 1 0 0 0 0 1
 1 0 1 1 1 0 0 1 0 0 1 1 1 1 0 1 1 1 0 0 1 1 1 0 0 1 0 0 1 0 1 1 1 1 0 0 1
 0 0 0 0 0 1 0 1 0 0 1 0 1 0 1 0 0 0 0 0 0 1 0 1 0 1 0 1 1 1 1 0 1 1 1 0 1
 1 1 1 0 1 0 0 0 1 0 0 1 1 0 0 1 0 1 1 0 1 0 1 0 0 1 0 1 0 1 1 0 1 1 1 0 0
 1 0 0 1 0 1 1 1 0 0 0 1 0 1 0 1 0 1 1 0 1 1 0 0 1 0 0 0 1 1 0 1 0 1 0 1 1
 1 1 0 0 0 0 1 1 0 1 0 0 1 1 1 0 1 1 1 1 0 0 1 0 0 1 0 1 1 1 1 1 1 1 1 1 1
 1 1 0 0 0 0 1 0 1 1 0 0 0 1 0 1 0 1 0 0 1 1 0 0 0 1 0 0 1 0 1 0 0 0 0 0 1
 1 1 0 0 0 1 1 1 1 0 1 1 1 0 1 1 0 0 0 0 0 0 1 0 1 1 0 0 0 1 1 1 1 1 0 1 1
 0 1 1 1 1 0 1 1 0 1 0 1 1 1 1 0 1 1 1 1 0 1 0 1 0 1 1 1 0 1 1 1 1 1 0 1 1
 0 0 1 1 0 1 0 0 1 0 0 1 1 0 0 1 0 1 0 1 0 0 0 1 1 1 0 0 1 0 0 1 0 1 1 0 1
 0 1 0 1 0 1 1 1 0 1 0 1 0 1 1 0 0 0 1 1 1 1 1 0 0 0 0 1 0 0 0 1 1 1 1 1 0
 1 0 0 1 1 0 0 0 0 1 0 0 0]","[  0   1   7   8  10  14  15  22  24  27  31  34  36  37  41  42  45  46
  47  48  51  53  54  57  60  62  66  67  68  69  70  72  74  76  79  80
  81  82  83  84  87  88  92  93  97  98 100 101 102 103 104 110 111 113
 114 116 118 119 120 122 124 125 129 130 133 134 136 137 143 146 148 149
 151 152 153 155 158 159 161 163 167 169 171 173 175 176 177 179 182 183
 184 185 187 192 193 197 198 200 201 209 211 212 216 217 219 224 226 227
 228 229 231 233 235 239 240 241 243 246 251 252 253 255 256 258 259 262
 265 267 271 274 275 279 280 284 285 288 290 293 294 296 301 303 306 308
 313 316 317 318 323 324 325 327 329 330 333 334 335 336 338 340 341 342
 343 345 346 349 352 354 356 357 359 360 361 364 369 370 372 373 374 377
 380 381 382 383 385 386 387 390 391 392 395 398 400 401 402 403 406 412
 414 417 419 421 428 430 432 434 435 436 437 439 440 441 443 444 445 446
 448 452 455 456 459 461 462 464 466 469 471 473 474 476 477 478 481 484
 486 487 488 492 494 496 498 499 501 502 505 509 510 512 514 516 517 518
 519 524 525 527 530 531 532 534 535 536 537 540 543 545 546 547 548 549
 550 551 552 553 554 555 556 561 563 564 568 570 572 575 576 580 583 585
 591 592 593 597 598 599 600 602 603 604 606 607 614 616 617 621 622 623
 624 625 627 628 630 631 632 633 635 636 638 640 641 642 643 645 646 647
 648 650 652 654 655 656 658 659 660 661 662 664 665 668 669 671 674 677
 678 681 683 685 689 690 691 694 697 699 700 702 704 706 708 709 710 712
 714 716 717 721 722 723 724 725 730 734 735 736 737 738 740 743 744 749]",0.9605263157894737,64.25209879875183
400,"[1 0 1 1 0 1 1 0 0 0 1 0 0 1 1 1 0 1 0 0 1 1 1 0 0 1 0 1 0 1 1 0 0 1 0 0 0
 1 0 0 0 0 1 1 0 1 1 1 1 1 0 0 1 1 0 0 1 1 1 1 1 0 1 0 1 1 0 0 0 1 0 0 1 1
 0 0 0 1 1 1 0 0 0 1 1 0 1 0 0 0 1 1 0 1 0 1 0 1 1 1 0 1 1 1 0 0 0 1 0 0 1
 1 1 1 1 0 0 0 1 0 0 1 0 0 0 0 0 0 0 0 1 1 0 0 0 1 0 0 1 1 0 1 1 1 1 0 1 0
 1 0 0 1 0 0 0 1 1 0 1 1 1 0 1 1 0 1 0 0 1 0 0 1 1 1 0 1 1 0 0 1 0 0 0 1 0
 1 0 1 0 0 1 0 1 1 0 0 0 0 0 0 0 0 1 0 0 1 0 1 1 0 0 1 1 1 0 1 0 0 1 0 1 0
 1 1 0 1 1 0 1 1 0 1 1 0 0 0 0 0 1 1 1 1 1 1 0 1 0 0 0 0 1 0 0 0 0 1 1 0 1
 0 1 0 1 1 1 1 0 0 1 1 0 1 1 0 1 0 0 1 1 1 0 0 1 1 0 0 1 0 0 1 1 0 1 1 1 0
 1 1 1 1 0 0 1 0 0 1 0 1 0 1 1 1 0 1 1 1 0 1 1 1 1 0 1 1 1 0 0 0 1 1 0 1 1
 0 0 0 0 1 1 0 1 0 0 0 1 1 0 1 1 0 0 0 1 0 0 1 1 1 1 0 1 1 0 0 0 0 0 1 0 0
 0 0 1 0 0 0 1 1 1 1 1 1 1 1 1 1 0 1 1 0 0 1 0 0 1 0 0 1 1 1 0 1 0 0 1 0 1
 1 1 1 0 1 1 0 1 0 1 0 0 0 1 1 1 1 0 0 1 0 0 0 1 0 0 1 1 0 1 1 1 1 0 1 1 0
 1 1 0 0 0 1 0 0 1 1 1 0 0 1 0 1 1 1 1 1 0 0 1 0 0 1 0 1 1 1 0 0 1 1 1 1 0
 0 0 1 0 0 1 1 0 1 1 1 0 0 1 0 0 0 1 0 0 0 1 0 0 1 0 0 0 0 0 0 1 0 0 0 1 0
 1 1 0 0 0 0 0 0 0 1 0 0 1 0 0 0 1 1 0 0 1 0 1 0 1 0 1 1 0 1 0 0 0 1 1 0 0
 1 0 0 0 1 1 0 1 1 0 0 0 1 0 1 1 0 1 1 0 0 1 0 0 1 1 0 1 1 0 0 1 0 1 1 1 1
 1 0 1 0 0 0 1 1 1 0 1 1 0 1 0 1 0 0 0 0 1 1 0 1 1 0 1 0 1 1 0 0 1 1 1 1 0
 0 0 1 1 1 1 0 0 1 1 1 0 1 0 0 1 1 1 0 0 0 0 1 1 1 0 1 1 1 1 1 0 0 0 0 1 0
 1 0 0 1 1 0 1 1 1 1 0 0 0 1 1 1 1 1 1 0 0 0 0 0 1 0 0 0 1 1 0 0 0 1 0 1 0
 1 1 1 1 1 1 0 1 0 0 0 1 0 1 1 0 1 1 1 1 0 1 0 1 0 0 1 1 0 1 0 0 1 1 1 1 1
 1 1 0 1 1 1 1 1 0 0 1 0 1]","[  0   2   3   5   6  10  13  14  15  17  20  21  22  25  27  29  30  33
  37  42  43  45  46  47  48  49  52  53  56  57  58  59  60  62  64  65
  69  72  73  77  78  79  83  84  86  90  91  93  95  97  98  99 101 102
 103 107 110 111 112 113 114 118 121 130 131 135 138 139 141 142 143 144
 146 148 151 155 156 158 159 160 162 163 165 168 171 172 173 175 176 179
 183 185 187 190 192 193 202 205 207 208 211 212 213 215 218 220 222 223
 225 226 228 229 231 232 238 239 240 241 242 243 245 250 255 256 258 260
 262 263 264 265 268 269 271 272 274 277 278 279 282 283 286 289 290 292
 293 294 296 297 298 299 302 305 307 309 310 311 313 314 315 317 318 319
 320 322 323 324 328 329 331 332 337 338 340 344 345 347 348 352 355 356
 357 358 360 361 367 372 376 377 378 379 380 381 382 383 384 385 387 388
 391 394 397 398 399 401 404 406 407 408 409 411 412 414 416 420 421 422
 423 426 430 433 434 436 437 438 439 441 442 444 445 449 452 453 454 457
 459 460 461 462 463 466 469 471 472 473 476 477 478 479 483 486 487 489
 490 491 494 498 502 505 512 516 518 519 527 530 534 535 538 540 542 544
 545 547 551 552 555 559 560 562 563 567 569 570 572 573 576 579 580 582
 583 586 588 589 590 591 592 594 598 599 600 602 603 605 607 612 613 615
 616 618 620 621 624 625 626 627 631 632 633 634 637 638 639 641 644 645
 646 651 652 653 655 656 657 658 659 664 666 669 670 672 673 674 675 679
 680 681 682 683 684 690 694 695 699 701 703 704 705 706 707 708 710 714
 716 717 719 720 721 722 724 726 729 730 732 735 736 737 738 739 740 741
 743 744 745 746 747 750 752]",0.9736842105263158,72.47375106811523
450,"[1 0 0 1 1 0 0 1 1 1 1 0 0 1 1 1 0 1 0 1 1 1 1 0 1 0 1 1 1 1 1 0 1 1 1 1 1
 1 0 0 1 0 0 0 0 1 1 0 0 1 1 1 1 1 1 0 1 0 0 0 1 1 0 0 0 0 0 1 1 0 0 1 1 1
 1 1 0 1 0 0 0 1 1 0 1 0 0 0 0 1 0 0 0 1 0 1 1 0 1 1 1 0 1 1 0 1 1 1 0 0 0
 0 0 0 1 1 0 1 0 0 0 0 1 1 0 0 0 1 0 0 0 1 0 0 0 1 0 0 1 0 0 1 0 1 0 1 0 1
 0 1 1 1 1 1 0 1 0 0 1 0 0 0 1 0 0 0 1 1 1 0 0 0 1 0 0 1 0 1 0 0 0 1 1 0 1
 0 1 1 0 1 0 0 0 0 0 0 1 1 0 0 1 1 1 0 1 0 1 0 1 0 0 1 0 1 0 0 1 0 0 0 1 0
 0 0 1 0 1 1 0 0 1 0 0 0 1 0 0 1 1 1 0 0 1 0 0 1 1 0 0 1 0 0 0 1 0 1 0 0 0
 1 0 1 1 1 1 1 0 0 1 1 0 0 0 1 0 1 1 0 1 1 0 0 1 0 0 0 0 0 0 1 1 0 1 1 1 0
 0 1 0 1 0 1 0 0 0 1 0 1 1 0 1 1 1 0 0 0 0 1 1 1 1 1 1 0 1 1 0 1 0 0 0 0 0
 0 0 1 1 0 1 1 0 0 1 0 1 1 1 0 0 0 1 0 0 0 0 1 1 1 0 1 0 1 1 1 1 0 1 0 1 0
 0 1 0 1 1 1 0 0 1 0 0 1 1 1 1 0 0 1 0 0 1 0 0 1 0 1 0 0 0 1 1 0 1 1 1 0 1
 1 1 0 0 1 1 0 0 1 0 0 0 0 1 1 0 0 0 1 1 1 1 1 1 0 0 0 0 0 0 0 1 1 1 1 1 0
 0 1 0 0 0 1 1 0 0 0 1 0 1 0 0 1 0 0 1 0 1 1 1 0 1 1 1 0 1 0 1 0 1 1 0 0 1
 0 1 1 1 1 0 0 0 1 1 1 0 0 1 1 0 1 1 0 1 1 1 0 0 1 0 0 1 0 1 1 1 0 0 1 0 1
 1 0 1 1 1 1 1 1 1 1 0 0 0 1 1 1 0 1 0 0 1 0 0 0 0 1 1 1 0 1 0 0 1 1 1 1 1
 1 1 1 1 0 1 0 0 1 0 0 1 1 1 1 1 0 0 0 0 0 1 1 0 1 1 1 1 1 1 1 0 0 1 1 1 0
 0 0 1 0 1 0 0 0 0 0 1 0 1 1 0 1 1 0 0 1 0 1 0 0 1 0 1 1 1 0 1 1 1 0 0 1 1
 1 0 0 1 0 1 1 1 0 0 0 1 0 0 0 1 0 1 1 1 0 0 0 1 1 1 1 1 1 1 1 1 1 1 1 1 1
 1 0 0 1 1 0 1 0 1 1 0 0 1 0 1 0 1 0 1 0 1 1 1 0 0 1 0 0 0 0 0 1 1 1 1 1 1
 0 0 1 0 0 1 1 1 1 0 0 1 0 1 0 0 1 0 1 0 0 1 1 1 0 1 1 1 1 0 1 1 0 1 1 0 1
 0 0 1 1 0 0 1 1 1 1 0 0 1]","[  0   3   4   7   8   9  10  13  14  15  17  19  20  21  22  24  26  27
  28  29  30  32  33  34  35  36  37  40  45  46  49  50  51  52  53  54
  56  60  61  67  68  71  72  73  74  75  77  81  82  84  89  93  95  96
  98  99 100 102 103 105 106 107 114 115 117 122 123 127 131 135 138 141
 143 145 147 149 150 151 152 153 155 158 162 166 167 168 172 175 177 181
 182 184 186 187 189 196 197 200 201 202 204 206 208 211 213 216 220 224
 226 227 230 234 237 238 239 242 245 246 249 253 255 259 261 262 263 264
 265 268 269 273 275 276 278 279 282 289 290 292 293 294 297 299 301 305
 307 308 310 311 312 317 318 319 320 321 322 324 325 327 335 336 338 339
 342 344 345 346 350 355 356 357 359 361 362 363 364 366 368 371 373 374
 375 378 381 382 383 384 387 390 393 395 399 400 402 403 404 406 407 408
 411 412 415 420 421 425 426 427 428 429 430 438 439 440 441 442 445 449
 450 454 456 459 462 464 465 466 468 469 470 472 474 476 477 480 482 483
 484 485 489 490 491 494 495 497 498 500 501 502 505 508 510 511 512 515
 517 518 520 521 522 523 524 525 526 527 531 532 533 535 538 543 544 545
 547 550 551 552 553 554 555 556 557 558 560 563 566 567 568 569 570 576
 577 579 580 581 582 583 584 585 588 589 590 594 596 602 604 605 607 608
 611 613 616 618 619 620 622 623 624 627 628 629 632 634 635 636 640 644
 646 647 648 652 653 654 655 656 657 658 659 660 661 662 663 664 665 666
 669 670 672 674 675 678 680 682 684 686 687 688 691 697 698 699 700 701
 702 705 708 709 710 711 714 716 719 721 724 725 726 728 729 730 731 733
 734 736 737 739 742 743 746 747 748 749 752]",0.9605263157894737,81.26875877380371
500,"[1 1 1 1 1 1 1 1 1 0 0 0 1 1 1 0 0 1 0 0 1 1 1 0 1 1 1 1 0 1 0 1 1 1 1 0 1
 0 0 1 0 0 1 1 1 1 1 0 1 1 1 1 1 1 1 1 1 1 0 1 0 1 1 1 0 0 1 1 0 1 0 0 1 0
 0 1 1 1 1 1 0 1 1 0 1 1 1 0 1 1 1 1 1 1 0 1 1 1 1 1 1 1 1 1 0 1 1 1 0 0 1
 1 1 1 0 0 1 0 1 0 1 1 1 1 1 1 1 0 1 0 0 1 0 0 1 1 1 0 1 0 1 0 1 0 0 0 1 1
 0 1 0 0 0 1 1 1 1 0 0 0 1 0 0 1 0 0 1 0 1 1 0 1 1 0 0 1 0 1 0 1 0 1 0 1 0
 1 1 1 1 1 1 1 1 1 1 0 0 1 0 1 0 0 1 1 0 1 1 1 1 1 0 1 1 1 0 0 1 1 0 1 1 1
 1 1 0 1 1 0 0 1 1 1 1 1 1 1 0 1 1 1 1 0 1 1 1 0 0 1 0 1 0 0 1 0 0 0 1 1 0
 0 1 1 1 1 0 0 1 1 1 1 1 1 0 1 0 0 1 0 1 0 0 1 1 1 1 0 1 0 1 1 1 1 0 0 1 1
 0 1 1 1 1 1 1 0 1 1 0 1 0 1 0 1 1 0 0 1 0 0 0 0 1 1 1 1 1 1 1 0 1 0 1 1 0
 0 0 1 1 1 1 0 0 0 0 1 1 1 1 1 1 0 0 0 1 1 1 1 0 1 1 1 1 0 1 1 0 1 1 0 0 1
 0 1 1 1 0 1 1 0 1 0 1 0 1 1 0 1 0 1 1 1 1 0 1 1 1 1 1 1 1 1 1 1 0 1 1 1 1
 1 1 1 1 0 1 1 1 1 1 0 0 1 0 1 1 0 1 1 0 1 0 1 0 1 1 1 0 1 1 1 0 0 1 0 0 1
 1 0 0 1 1 0 0 1 1 0 1 1 0 1 1 1 0 0 1 0 1 1 1 1 1 1 1 0 1 1 0 1 1 1 1 1 1
 1 1 1 0 1 1 1 1 0 0 1 0 1 1 1 0 0 0 1 1 1 1 0 0 1 0 1 0 0 0 0 1 1 0 0 1 1
 0 1 1 0 1 0 0 0 1 1 1 0 1 1 1 1 0 0 1 0 0 0 1 1 0 1 0 0 0 0 0 0 0 0 0 0 1
 1 0 0 1 1 1 0 1 0 1 0 0 0 1 1 1 0 1 1 1 0 1 0 1 1 1 1 1 0 1 1 0 0 1 0 1 0
 0 1 1 1 1 1 1 0 0 1 1 1 0 0 1 1 1 0 1 1 0 1 0 1 0 0 1 0 0 1 0 0 1 1 1 1 0
 0 1 1 1 1 1 1 1 1 1 1 1 0 0 1 1 1 0 1 0 1 1 1 0 1 1 0 1 1 0 0 0 0 1 1 0 1
 1 0 0 1 1 1 1 1 0 1 0 1 0 0 1 0 0 0 0 1 0 1 1 1 0 0 0 0 1 0 0 0 1 0 1 0 0
 1 1 1 0 0 1 1 0 0 1 0 1 1 1 0 1 0 0 1 1 1 0 0 0 1 0 1 0 1 0 0 1 0 1 1 1 1
 1 1 1 1 1 0 1 0 1 0 0 0 1]","[  0   1   2   3   4   5   6   7   8  12  13  14  17  20  21  22  24  25
  26  27  29  31  32  33  34  36  39  42  43  44  45  46  48  49  50  51
  52  53  54  55  56  57  59  61  62  63  66  67  69  72  75  76  77  78
  79  81  82  84  85  86  88  89  90  91  92  93  95  96  97  98  99 100
 101 102 103 105 106 107 110 111 112 113 116 118 120 121 122 123 124 125
 126 128 131 134 135 136 138 140 142 146 147 149 153 154 155 156 160 163
 166 168 169 171 172 175 177 179 181 183 185 186 187 188 189 190 191 192
 193 194 197 199 202 203 205 206 207 208 209 211 212 213 216 217 219 220
 221 222 223 225 226 229 230 231 232 233 234 235 237 238 239 240 242 243
 244 247 249 252 256 257 260 261 262 263 266 267 268 269 270 271 273 276
 278 281 282 283 284 286 288 289 290 291 294 295 297 298 299 300 301 302
 304 305 307 309 311 312 315 320 321 322 323 324 325 326 328 330 331 335
 336 337 338 343 344 345 346 347 348 352 353 354 355 357 358 359 360 362
 363 365 366 369 371 372 373 375 376 378 380 382 383 385 387 388 389 390
 392 393 394 395 396 397 398 399 400 401 403 404 405 406 407 408 409 410
 412 413 414 415 416 419 421 422 424 425 427 429 431 432 433 435 436 437
 440 443 444 447 448 451 452 454 455 457 458 459 462 464 465 466 467 468
 469 470 472 473 475 476 477 478 479 480 481 482 483 485 486 487 488 491
 493 494 495 499 500 501 502 505 507 512 513 516 517 519 520 522 526 527
 528 530 531 532 533 536 540 541 543 554 555 558 559 560 562 564 568 569
 570 572 573 574 576 578 579 580 581 582 584 585 588 590 593 594 595 596
 597 598 601 602 603 606 607 608 610 611 613 615 618 621 624 625 626 627
 630 631 632 633 634 635 636 637 638 639 640 643 644 645 647 649 650 651
 653 654 656 657 662 663 665 666 669 670 671 672 673 675 677 680 685 687
 688 689 694 698 700 703 704 705 708 709 712 714 715 716 718 721 722 723
 727 729 731 734 736 737 738 739 740 741 742 743 744 746 748 752]",0.9605263157894737,128.78193044662476
