loudness,best_solution,best_features,best_fitness,duration
0.5,"[1 0 1 1 1 1 0 1 1 0 0 1 1 0 1 0 1 1 1 1 1 0 0 1 0 0 1 1 1 1 1 0 0 1 0 1 0
 0 1 1 1 1 0 1 1 1 0 1 0 0 1 0 0 0 1 1 1 0 1 1 1 0 1 1 0 1 1 0 1 1 1 0 0 0
 1 1 0 0 1 0 0 0 1 1 1 1 0 0 1 1 0 0 1 0 1 1 1 0 1 0 0 0 1 1 1 1 0 1 0 0 1
 1 0 1 0 1 1 0 1 1 1 1 1 1 0 0 0 0 1 1 1 1 1 1 1 1 1 0 1 0 1 0 0 0 1 1 0 1
 1 1 1 0 1 1 1 0 0 1 1 1 1 1 1 0 1 1 1 0 1 0 1 1 0 0 1 1 0 1 1 1 1 1 0 0 1
 1 1 1 1 0 1 1 0 1 1 1 1 1 1 0 1 1 1 1 1 1 0 1 0 1 1 0 1 0 0 1 0 0 0 1 1 1
 1 0 0 0 1 1 1 1 0 0 0 1 0 1 1 1 0 0 0 0 1 0 1 0 0 1 1 0 0 1 1 1 1 0 1 0 0
 0 0 1 0 1 1 0 1 0 0 1 0 0 1 1 1 1 0 1 0 1 1 0 1 1 1 1 1 1 1 1 1 1 1 0 1 1
 0 1 1 0 1 0 1 1 1 1 0 1 0 1 1 1 1 1 1 1 0 1 0 1 1 1 1 1 1 0 1 0 0 1 1 1 1
 0 0 0 1 1 0 0 0 1 0 1 1 1 1 1 1 1 0 1 0 0 0 0 1 1 0 1 1 0 0 1 1 0 0 0 1 0
 0 0 1 1 0 1 0 1 1 0 1 0 0 1 0 1 1 1 1 1 1 0 1 1 1 1 1 1 1 0 1 1 0 1 0 1 1
 0 1 1 1 1 0 1 1 1 0 0 1 1 1 1 1 0 1 0 1 1 1 0 0 0 1 1 1 0 1 1 0 1 0 0 1 1
 1 0 0 1 1 1 1 0 1 1 0 0 0 0 1 1 1 1 1 1 0 0 1 0 1 1 0 1 1 1 1 1 0 1 1 1 1
 1 1 1 1 1 0 0 1 0 1 0 0 1 0 1 0 1 0 1 1 0 1 1 0 1 0 0 1 1 1 1 1 1 1 1 0 1
 0 1 0 1 1 0 0 0 1 0 1 0 1 1 0 0 1 1 1 1 1 1 1 1 0 0 0 1 0 1 1 1 1 0 1 1 1
 1 1 1 1 1 0 1 1 0 1 1 0 1 0 1 0 0 1 1 0 0 1 0 1 0 1 1 1 1 0 1 1 1 1 0 1 0
 0 0 0 1 0 0 1 1 1 1 0 1 0 1 0 1 1 0 0 1 0 0 1 1 1 1 1 0 1 1 1 1 1 0 1 0 1
 0 1 1 1 1 1 1 0 0 1 1 0 1 0 1 1 0 1 1 0 1 0 1 1 0 1 0 1 1 0 0 1 0 1 1 0 1
 0 0 0 1 0 1 1 0 0 1 0 0 1 0 0 1 0 0 1 1 1 1 1 1 1 0 1 1 0 1 1 1 1 1 1 1 1
 0 0 1 1 1 0 1 1 1 0 0 1 1 1 1 1 0 1 1 0 1 0 1 1 0 1 1 0 1 0 1 0 0 0 0 1 1
 1 1 1 0 1 0 0 1 1 1 1 1 0]","[  0   2   3   4   5   7   8  11  12  14  16  17  18  19  20  23  26  27
  28  29  30  33  35  38  39  40  41  43  44  45  47  50  54  55  56  58
  59  60  62  63  65  66  68  69  70  74  75  78  82  83  84  85  88  89
  92  94  95  96  98 102 103 104 105 107 110 111 113 115 116 118 119 120
 121 122 123 128 129 130 131 132 133 134 135 136 138 140 144 145 147 148
 149 150 152 153 154 157 158 159 160 161 162 164 165 166 168 170 171 174
 175 177 178 179 180 181 184 185 186 187 188 190 191 193 194 195 196 197
 198 200 201 202 203 204 205 207 209 210 212 215 219 220 221 222 226 227
 228 229 233 235 236 237 242 244 247 248 251 252 253 254 256 261 263 264
 266 269 272 273 274 275 277 279 280 282 283 284 285 286 287 288 289 290
 291 292 294 295 297 298 300 302 303 304 305 307 309 310 311 312 313 314
 315 317 319 320 321 322 323 324 326 329 330 331 332 336 337 341 343 344
 345 346 347 348 349 351 356 357 359 360 363 364 368 372 373 375 377 378
 380 383 385 386 387 388 389 390 392 393 394 395 396 397 398 400 401 403
 405 406 408 409 410 411 413 414 415 418 419 420 421 422 424 426 427 428
 432 433 434 436 437 439 442 443 444 447 448 449 450 452 453 458 459 460
 461 462 463 466 468 469 471 472 473 474 475 477 478 479 480 481 482 483
 484 485 488 490 493 495 497 499 500 502 503 505 508 509 510 511 512 513
 514 515 517 519 521 522 526 528 530 531 534 535 536 537 538 539 540 541
 545 547 548 549 550 552 553 554 555 556 557 558 559 561 562 564 565 567
 569 572 573 576 578 580 581 582 583 585 586 587 588 590 595 598 599 600
 601 603 605 607 608 611 614 615 616 617 618 620 621 622 623 624 626 628
 630 631 632 633 634 635 638 639 641 643 644 646 647 649 651 652 654 656
 657 660 662 663 665 669 671 672 675 678 681 684 685 686 687 688 689 690
 692 693 695 696 697 698 699 700 701 702 705 706 707 709 710 711 714 715
 716 717 718 720 721 723 725 726 728 729 731 733 738 739 740 741 742 744
 747 748 749 750 751]",0.9736842105263158,42.77836275100708
0.55,"[1 1 0 0 0 1 1 0 0 0 0 0 0 0 0 1 1 0 0 1 0 0 0 1 0 1 1 0 1 0 1 1 1 0 0 0 0
 0 1 0 1 1 1 1 0 0 0 1 0 0 0 1 0 0 1 0 1 1 1 0 1 0 1 0 0 1 1 0 0 0 0 0 0 1
 1 0 0 1 1 1 1 1 1 1 1 0 1 0 0 1 0 0 1 1 0 0 1 1 0 1 1 1 0 0 1 0 0 0 1 0 0
 0 0 0 0 0 0 1 0 1 1 1 1 0 0 1 0 0 0 1 1 1 1 0 1 1 1 1 0 0 1 0 1 0 1 1 1 0
 0 1 1 1 1 1 1 0 0 1 0 0 0 1 1 1 1 0 0 0 1 1 1 1 0 1 0 1 1 0 1 1 1 0 1 0 1
 1 0 1 1 1 0 1 0 0 1 1 1 0 0 1 0 0 1 0 1 1 0 0 0 0 1 0 1 0 1 1 0 0 1 1 1 0
 0 0 1 1 1 0 1 0 1 1 0 1 0 0 1 0 0 1 0 1 1 1 0 0 0 1 1 0 0 0 1 0 0 0 0 0 1
 1 0 0 1 1 1 1 0 0 0 1 0 0 1 1 0 1 0 1 1 1 1 1 1 1 0 0 1 0 1 1 1 0 0 1 0 0
 0 0 0 0 0 0 1 0 0 0 0 0 0 0 0 0 1 0 1 0 1 0 0 1 0 0 1 1 0 1 1 1 0 1 1 1 0
 0 0 0 0 1 1 0 0 1 1 1 0 1 1 0 0 1 1 1 1 0 0 1 1 1 1 0 1 1 1 0 1 0 1 0 0 0
 0 0 0 0 0 0 0 1 1 0 1 1 1 1 1 1 1 1 0 0 0 0 0 0 1 0 0 0 1 1 0 1 0 1 1 0 1
 0 0 1 1 1 1 1 1 1 1 1 1 0 1 0 0 0 1 0 1 0 0 1 1 1 1 1 0 1 0 1 1 0 0 0 1 1
 1 0 1 0 1 0 0 0 0 1 1 0 0 1 1 1 1 1 1 0 0 1 0 0 0 1 1 1 0 1 0 0 1 0 0 0 1
 1 0 1 0 0 0 1 1 1 0 0 0 1 0 0 1 0 1 1 0 0 1 1 0 0 0 0 0 0 0 0 0 0 1 0 0 1
 1 0 1 1 1 1 1 1 0 0 1 0 1 0 0 1 0 1 0 1 1 1 0 0 0 1 0 0 0 0 1 1 1 1 0 1 0
 1 0 0 0 0 1 0 1 1 0 0 1 1 0 1 0 1 0 0 1 1 1 0 0 1 1 1 0 1 1 1 1 1 1 0 0 1
 0 1 1 1 0 0 1 1 0 1 0 1 1 0 1 0 1 1 1 1 1 0 1 0 1 0 0 0 0 1 1 1 1 1 0 0 0
 0 0 1 1 1 0 0 1 1 1 0 0 0 1 0 0 0 1 1 0 1 1 1 1 1 0 1 1 0 1 0 1 0 1 1 1 0
 1 0 0 1 0 0 0 0 0 1 1 1 1 1 1 1 0 1 1 0 1 0 1 0 1 0 1 0 0 1 1 0 1 0 1 1 1
 0 1 0 0 1 1 0 0 1 0 1 1 0 1 0 1 0 1 1 1 1 0 1 0 0 1 0 0 0 1 0 0 0 0 1 0 0
 1 0 0 1 0 0 1 1 0 1 0 0 0]","[  0   1   5   6  15  16  19  23  25  26  28  30  31  32  38  40  41  42
  43  47  51  54  56  57  58  60  62  65  66  73  74  77  78  79  80  81
  82  83  84  86  89  92  93  96  97  99 100 101 104 108 117 119 120 121
 122 125 129 130 131 132 134 135 136 137 140 142 144 145 146 149 150 151
 152 153 154 157 161 162 163 164 168 169 170 171 173 175 176 178 179 180
 182 184 185 187 188 189 191 194 195 196 199 202 204 205 210 212 214 215
 218 219 220 224 225 226 228 230 231 233 236 239 241 242 243 247 248 252
 258 259 262 263 264 265 269 272 273 275 277 278 279 280 281 282 283 286
 288 289 290 293 302 312 314 316 319 322 323 325 326 327 329 330 331 337
 338 341 342 343 345 346 349 350 351 352 355 356 357 358 360 361 362 364
 366 377 378 380 381 382 383 384 385 386 387 394 398 399 401 403 404 406
 409 410 411 412 413 414 415 416 417 418 420 424 426 429 430 431 432 433
 435 437 438 442 443 444 446 448 453 454 457 458 459 460 461 462 465 469
 470 471 473 476 480 481 483 487 488 489 493 496 498 499 502 503 514 517
 518 520 521 522 523 524 525 528 530 533 535 537 538 539 543 548 549 550
 551 553 555 560 562 563 566 567 569 571 574 575 576 579 580 581 583 584
 585 586 587 588 591 593 594 595 598 599 601 603 604 606 608 609 610 611
 612 614 616 621 622 623 624 625 631 632 633 636 637 638 642 646 647 649
 650 651 652 653 655 656 658 660 662 663 664 666 669 675 676 677 678 679
 680 681 683 684 686 688 690 692 695 696 698 700 701 702 704 707 708 711
 713 714 716 718 720 721 722 723 725 728 732 737 740 743 746 747 749]",0.9605263157894737,42.011698961257935
0.6000000000000001,"[1 1 1 1 1 0 0 0 0 0 0 1 1 0 0 1 0 1 0 1 0 1 1 1 0 1 1 1 0 0 1 1 0 1 1 0 1
 0 0 1 1 1 1 1 1 1 1 1 0 0 0 0 1 0 1 0 1 0 0 0 1 0 0 0 1 1 0 1 0 1 0 0 1 1
 1 0 0 0 0 1 0 0 0 1 0 0 0 0 1 1 1 0 0 0 1 1 1 0 0 1 1 1 0 1 0 1 1 1 1 0 1
 0 0 1 0 0 1 0 0 0 1 0 0 1 1 0 0 0 1 1 1 0 1 0 1 0 0 1 0 1 0 1 1 0 0 0 1 1
 0 1 0 1 0 1 0 1 1 1 1 0 1 1 1 0 0 0 0 1 1 0 1 0 0 0 1 1 0 0 1 1 1 0 1 0 0
 0 0 1 0 0 0 1 1 0 0 0 0 1 0 1 0 0 0 1 1 0 1 1 1 0 0 0 0 1 1 1 0 0 0 1 0 1
 0 1 0 0 0 1 0 0 1 1 0 0 1 1 1 0 1 0 1 1 1 1 0 0 0 0 1 1 0 0 1 0 0 0 0 1 0
 0 0 1 0 1 1 1 1 1 1 0 1 0 0 0 0 0 0 0 0 0 0 1 0 0 1 1 1 0 1 1 1 0 0 1 1 0
 1 0 1 1 1 0 1 1 0 0 1 1 1 0 1 0 1 1 1 0 0 1 1 0 0 1 1 0 0 0 1 0 1 0 0 1 0
 1 0 1 1 0 0 0 0 1 0 0 0 1 0 0 1 0 0 1 1 0 0 0 0 1 1 0 0 1 1 0 0 0 0 0 1 0
 0 0 0 0 1 0 1 0 0 1 0 0 1 1 1 1 0 1 1 0 1 1 0 1 0 1 1 0 1 1 1 0 1 0 0 0 0
 0 0 0 1 0 0 0 1 1 1 0 1 0 1 0 1 0 1 1 1 0 1 0 1 0 1 1 1 0 0 0 1 1 1 1 1 1
 0 1 0 1 1 1 1 1 0 0 0 1 0 0 1 1 0 1 0 0 1 1 0 1 0 0 0 0 0 0 1 1 1 0 0 1 0
 1 1 1 0 0 1 1 1 1 0 0 1 0 1 0 0 0 1 1 1 0 1 0 1 1 0 1 0 1 0 1 0 1 0 1 0 0
 0 0 0 1 0 0 0 1 1 1 1 1 0 0 0 1 0 1 1 0 0 0 0 0 0 0 0 0 0 0 1 0 1 0 1 1 1
 0 0 1 1 0 1 1 1 0 1 0 1 1 1 0 1 0 1 0 0 1 1 1 0 1 0 0 1 0 1 0 1 1 1 0 1 0
 0 0 1 0 1 0 1 0 0 0 1 1 1 1 0 0 1 0 0 0 1 0 1 0 1 1 0 0 0 1 0 0 1 0 0 1 1
 1 0 1 0 1 1 0 1 0 0 0 0 0 0 0 0 0 0 1 0 1 0 0 0 1 1 0 1 1 0 0 0 0 1 0 0 1
 1 0 1 0 0 1 1 1 1 0 1 1 1 0 0 0 0 1 1 0 1 0 0 0 0 1 0 1 0 0 0 0 1 0 1 1 1
 0 1 1 0 1 1 1 1 0 0 0 1 1 1 1 0 1 0 1 0 1 1 1 0 1 1 0 1 1 0 0 1 1 0 1 0 0
 0 0 1 1 1 1 1 1 1 0 0 0 0]","[  0   1   2   3   4  11  12  15  17  19  21  22  23  25  26  27  30  31
  33  34  36  39  40  41  42  43  44  45  46  47  52  54  56  60  64  65
  67  69  72  73  74  79  83  88  89  90  94  95  96  99 100 101 103 105
 106 107 108 110 113 116 120 123 124 128 129 130 132 134 137 139 141 142
 146 147 149 151 153 155 156 157 158 160 161 162 167 168 170 174 175 178
 179 180 182 187 191 192 197 199 203 204 206 207 208 213 214 215 219 221
 223 227 230 231 234 235 236 238 240 241 242 243 248 249 252 257 261 263
 264 265 266 267 268 270 281 284 285 286 288 289 290 293 294 296 298 299
 300 302 303 306 307 308 310 312 313 314 317 318 321 322 326 328 331 333
 335 336 341 345 348 351 352 357 358 361 362 368 374 376 379 382 383 384
 385 387 388 390 391 393 395 396 398 399 400 402 410 414 415 416 418 420
 422 424 425 426 428 430 432 433 434 438 439 440 441 442 443 445 447 448
 449 450 451 455 458 459 461 464 465 467 474 475 476 479 481 482 483 486
 487 488 489 492 494 498 499 500 502 504 505 507 509 511 513 515 521 525
 526 527 528 529 533 535 536 548 550 552 553 554 557 558 560 561 562 564
 566 567 568 570 572 575 576 577 579 582 584 586 587 588 590 594 596 598
 602 603 604 605 608 612 614 616 617 621 624 627 628 629 631 633 634 636
 647 649 653 654 656 657 662 665 666 668 671 672 673 674 676 677 678 683
 684 686 691 693 698 700 701 702 704 705 707 708 709 710 714 715 716 717
 719 721 723 724 725 727 728 730 731 734 735 737 742 743 744 745 746 747
 748]",0.9736842105263158,43.2248260974884
0.6500000000000001,"[1 1 0 1 0 0 0 0 1 1 1 0 1 0 1 0 1 1 0 1 1 1 1 1 0 1 0 0 1 1 1 1 1 0 0 0 1
 1 0 1 0 1 0 1 0 0 1 0 0 1 1 1 1 1 0 1 1 0 0 0 1 0 1 0 0 0 0 0 0 0 0 0 0 1
 0 0 0 1 1 1 0 1 0 1 0 0 1 0 0 1 0 0 1 1 0 1 0 1 1 1 1 1 0 1 1 0 0 1 0 1 1
 0 1 1 0 1 1 1 1 1 1 1 1 0 1 0 1 0 1 1 0 1 1 0 0 0 0 0 1 0 0 1 1 0 0 0 1 0
 0 0 1 1 1 1 1 1 1 1 1 0 1 1 0 1 1 1 1 1 1 1 1 0 0 0 1 1 1 0 1 1 1 1 0 1 0
 0 1 1 0 1 1 1 0 1 1 1 0 1 0 1 1 0 1 0 1 1 1 0 1 1 1 1 1 0 1 0 0 1 0 0 0 1
 1 0 1 0 1 0 1 0 0 0 1 0 0 1 1 1 0 0 0 0 0 1 0 1 0 0 1 0 0 0 0 0 1 0 1 0 0
 0 0 1 1 1 1 0 1 1 1 1 1 1 1 0 0 0 0 1 1 1 1 1 1 1 0 1 1 0 0 1 0 0 1 1 1 0
 0 1 1 1 1 1 1 1 1 1 0 0 1 0 1 0 1 1 1 0 1 1 1 1 1 1 0 1 1 1 1 1 1 1 0 1 0
 1 1 1 1 0 1 1 1 1 0 0 1 1 1 1 1 0 0 1 1 1 1 0 1 1 0 1 1 0 0 1 1 0 1 0 1 0
 0 1 1 1 1 1 0 1 0 0 1 1 1 1 0 0 1 1 1 1 1 1 1 1 0 0 0 0 0 0 1 0 1 0 0 1 0
 0 1 0 0 1 0 1 0 1 1 1 1 0 0 0 1 1 0 1 0 1 1 1 1 1 1 1 0 0 1 1 0 1 1 1 0 1
 1 0 1 1 0 1 1 1 1 0 1 0 1 1 1 0 1 1 1 1 0 1 0 1 0 0 1 1 0 1 1 1 1 1 0 1 0
 1 1 0 0 1 1 1 0 1 1 1 0 0 1 0 1 1 0 1 0 1 0 0 1 1 1 1 0 1 0 0 1 0 0 1 0 1
 1 0 0 1 1 0 0 0 0 0 0 1 1 1 0 0 1 0 0 0 1 1 1 0 1 0 1 0 1 0 1 1 0 1 1 0 0
 1 1 0 1 0 0 1 1 0 1 1 1 0 0 1 1 1 0 1 1 0 1 1 1 1 0 1 0 1 1 1 1 1 1 1 1 1
 1 1 0 1 1 1 1 1 1 1 1 1 1 1 0 0 0 0 1 1 0 1 0 0 0 1 1 1 1 1 0 1 1 0 1 1 0
 0 0 0 1 1 0 0 0 1 0 0 1 0 1 1 0 0 0 0 1 1 1 1 1 1 1 0 0 1 1 1 1 1 0 0 0 0
 1 1 0 1 0 1 0 1 0 1 0 1 1 0 1 0 1 0 0 1 0 0 1 0 1 1 1 1 1 0 0 1 1 1 1 1 1
 0 0 1 1 0 0 1 0 1 1 1 1 1 0 1 1 1 1 0 1 1 0 0 1 1 1 1 0 1 1 1 0 1 1 0 1 1
 1 1 1 0 1 0 1 1 0 0 0 0 0]","[  0   1   3   8   9  10  12  14  16  17  19  20  21  22  23  25  28  29
  30  31  32  36  37  39  41  43  46  49  50  51  52  53  55  56  60  62
  73  77  78  79  81  83  86  89  92  93  95  97  98  99 100 101 103 104
 107 109 110 112 113 115 116 117 118 119 120 121 122 124 126 128 129 131
 132 138 141 142 146 150 151 152 153 154 155 156 157 158 160 161 163 164
 165 166 167 168 169 170 174 175 176 178 179 180 181 183 186 187 189 190
 191 193 194 195 197 199 200 202 204 205 206 208 209 210 211 212 214 217
 221 222 224 226 228 232 235 236 237 243 245 248 254 256 261 262 263 264
 266 267 268 269 270 271 272 277 278 279 280 281 282 283 285 286 289 292
 293 294 297 298 299 300 301 302 303 304 305 308 310 312 313 314 316 317
 318 319 320 321 323 324 325 326 327 328 329 331 333 334 335 336 338 339
 340 341 344 345 346 347 348 351 352 353 354 356 357 359 360 363 364 366
 368 371 372 373 374 375 377 380 381 382 383 386 387 388 389 390 391 392
 393 400 402 405 408 411 413 415 416 417 418 422 423 425 427 428 429 430
 431 432 433 436 437 439 440 441 443 444 446 447 449 450 451 452 454 456
 457 458 460 461 462 463 465 467 470 471 473 474 475 476 477 479 481 482
 485 486 487 489 490 491 494 496 497 499 501 504 505 506 507 509 512 515
 517 518 521 522 529 530 531 534 538 539 540 542 544 546 548 549 551 552
 555 556 558 561 562 564 565 566 569 570 571 573 574 576 577 578 579 581
 583 584 585 586 587 588 589 590 591 592 593 595 596 597 598 599 600 601
 602 603 604 605 610 611 613 617 618 619 620 621 623 624 626 627 632 633
 637 640 642 643 648 649 650 651 652 653 654 657 658 659 660 661 666 667
 669 671 673 675 677 678 680 682 685 688 690 691 692 693 694 697 698 699
 700 701 702 705 706 709 711 712 713 714 715 717 718 719 720 722 723 726
 727 728 729 731 732 733 735 736 738 739 740 741 742 744 746 747]",0.9736842105263158,41.24826645851135
0.7000000000000002,"[1 1 0 0 1 0 0 1 0 0 1 0 1 1 1 1 1 1 0 1 1 0 1 1 0 1 0 1 0 1 0 1 0 1 0 0 0
 0 1 0 1 0 1 0 0 1 1 1 1 0 0 0 0 0 0 0 1 0 1 1 1 0 0 1 1 1 1 0 1 1 1 0 0 1
 1 0 1 0 1 0 0 0 1 1 0 0 0 1 1 0 0 0 0 0 0 0 1 1 1 1 0 0 1 0 0 1 0 1 0 1 0
 0 1 0 0 0 0 1 0 0 0 1 1 0 1 1 0 0 1 0 1 1 0 0 1 1 0 0 1 1 1 1 1 1 0 0 1 0
 1 1 1 0 1 0 1 1 1 1 0 1 1 0 0 0 0 0 1 0 0 0 1 1 0 1 1 0 1 0 0 0 0 0 1 0 0
 0 0 1 0 1 1 0 1 0 1 1 1 1 1 1 1 1 0 0 0 0 0 0 0 0 1 0 0 1 0 1 1 0 1 0 1 0
 0 1 0 0 1 1 0 0 1 1 1 0 1 0 1 1 1 1 1 1 1 0 0 0 0 1 1 0 1 0 1 1 0 1 0 0 1
 1 0 1 1 1 0 1 0 0 0 1 0 1 0 1 1 0 1 0 0 0 0 0 1 1 0 0 1 1 1 0 0 1 0 1 0 1
 0 0 0 0 1 0 0 1 1 1 0 0 0 0 1 0 1 0 1 0 0 1 0 0 1 1 1 1 0 0 0 1 0 0 1 1 1
 0 1 1 0 1 1 1 1 1 1 1 0 0 1 0 0 1 0 0 0 1 0 1 1 1 1 0 1 0 0 0 1 0 1 0 0 1
 0 0 1 1 1 1 1 1 0 0 0 1 1 0 1 1 0 1 1 1 0 0 1 1 1 1 1 1 1 1 1 1 1 1 1 0 0
 1 0 0 0 0 1 1 0 1 0 1 0 0 1 1 1 0 1 0 1 0 1 0 1 1 1 0 1 0 1 1 1 1 1 0 0 1
 1 1 0 1 0 0 0 1 1 1 1 0 0 1 1 0 1 1 1 0 0 1 1 0 1 0 1 0 1 0 0 0 1 0 0 1 0
 0 0 0 1 0 0 0 1 0 1 1 0 0 0 0 1 0 1 0 0 1 0 1 0 1 1 1 0 1 0 1 1 0 1 1 0 0
 1 1 1 0 0 0 1 0 0 0 0 1 0 1 1 1 0 0 0 1 0 1 1 0 1 0 0 1 0 1 1 0 1 0 0 1 1
 0 0 0 1 1 1 1 1 1 1 1 1 0 0 1 0 1 1 0 1 0 1 1 1 1 0 1 1 1 1 1 1 0 1 1 1 0
 1 1 1 0 0 1 1 0 0 0 1 0 0 1 1 1 0 0 1 0 0 1 1 0 0 1 0 0 0 1 1 1 1 0 1 1 0
 0 1 0 0 0 1 0 1 1 1 0 1 1 1 1 0 1 0 1 1 1 0 1 0 1 0 1 1 0 1 1 1 0 0 1 0 0
 1 0 1 0 0 1 1 0 1 1 0 0 1 1 0 1 0 0 1 0 0 0 1 0 1 0 0 1 0 0 0 0 0 0 1 1 1
 1 1 1 1 1 1 0 1 1 1 1 0 1 1 0 1 0 0 1 0 0 0 0 1 0 1 0 1 0 0 0 0 1 1 1 0 1
 0 1 0 0 0 1 1 0 1 1 0 1 0]","[  0   1   4   7  10  12  13  14  15  16  17  19  20  22  23  25  27  29
  31  33  38  40  42  45  46  47  48  56  58  59  60  63  64  65  66  68
  69  70  73  74  76  78  82  83  87  88  96  97  98  99 102 105 107 109
 112 117 121 122 124 125 128 130 131 134 135 138 139 140 141 142 143 146
 148 149 150 152 154 155 156 157 159 160 166 170 171 173 174 176 182 187
 189 190 192 194 195 196 197 198 199 200 201 210 213 215 216 218 220 223
 226 227 230 231 232 234 236 237 238 239 240 241 242 247 248 250 252 253
 255 258 259 261 262 263 265 269 271 273 274 276 282 283 286 287 288 291
 293 295 300 303 304 305 310 312 314 317 320 321 322 323 327 330 331 332
 334 335 337 338 339 340 341 342 343 346 349 353 355 356 357 358 360 364
 366 369 372 373 374 375 376 377 381 382 384 385 387 388 389 392 393 394
 395 396 397 398 399 400 401 402 403 404 407 412 413 415 417 420 421 422
 424 426 428 430 431 432 434 436 437 438 439 440 443 444 445 447 451 452
 453 454 457 458 460 461 462 465 466 468 470 472 476 479 484 488 490 491
 496 498 501 503 505 506 507 509 511 512 514 515 518 519 520 524 529 531
 532 533 537 539 540 542 545 547 548 550 553 554 558 559 560 561 562 563
 564 565 566 569 571 572 574 576 577 578 579 581 582 583 584 585 586 588
 589 590 592 593 594 597 598 602 605 606 607 610 613 614 617 621 622 623
 624 626 627 630 634 636 637 638 640 641 642 643 645 647 648 649 651 653
 655 656 658 659 660 663 666 668 671 672 674 675 678 679 681 684 688 690
 693 700 701 702 703 704 705 706 707 708 710 711 712 713 715 716 718 721
 726 728 730 735 736 737 739 741 745 746 748 749 751]",0.9605263157894737,37.767678022384644
0.7500000000000002,"[1 0 1 1 1 0 0 1 1 0 0 1 1 0 1 1 0 1 1 0 1 0 1 0 0 0 1 1 0 1 0 1 0 0 0 0 1
 0 1 0 1 0 0 0 1 1 1 1 1 1 0 1 1 1 0 0 0 1 0 1 1 1 1 0 1 1 1 1 0 1 0 0 0 1
 1 0 1 0 1 0 0 1 1 0 1 1 1 1 0 0 1 1 0 1 0 1 0 1 1 0 0 1 0 0 0 1 1 1 0 0 1
 0 0 1 0 1 1 1 0 0 1 0 0 0 1 0 1 0 0 1 1 0 0 0 1 0 0 1 1 1 0 0 1 1 1 0 1 0
 0 1 0 0 1 0 1 0 0 1 0 0 0 1 1 1 0 0 0 0 1 1 0 0 0 1 0 1 1 0 1 0 0 1 1 1 1
 0 0 1 0 1 0 1 1 0 0 0 0 1 0 0 1 0 0 0 0 0 0 1 0 0 1 1 1 1 0 1 1 0 0 0 0 0
 0 1 0 0 1 1 0 0 0 1 1 0 0 0 0 1 0 0 0 0 1 1 0 0 1 0 0 1 0 0 0 1 1 1 0 1 0
 1 1 1 0 1 1 0 1 0 0 1 1 0 0 0 1 0 0 1 1 1 1 0 1 1 0 1 1 1 0 0 1 0 1 1 1 1
 1 1 0 0 1 1 0 1 0 1 1 0 0 0 0 0 0 0 1 1 0 1 1 0 0 1 0 1 1 0 1 1 1 0 0 1 1
 0 1 1 1 0 1 0 1 1 0 0 1 1 0 0 1 0 1 0 1 0 1 0 1 0 0 1 1 0 1 0 1 0 0 1 1 0
 1 1 0 0 0 1 1 1 0 1 0 0 1 0 0 0 0 0 0 0 1 1 0 1 0 0 1 1 0 1 1 0 1 0 0 0 0
 1 0 1 0 0 1 0 1 0 1 0 0 1 0 0 1 0 1 1 0 0 0 1 0 0 0 1 0 1 1 1 0 1 1 0 0 0
 0 1 0 1 0 0 0 0 1 1 0 0 1 0 0 1 0 1 0 0 1 0 0 1 0 0 0 0 0 1 0 0 0 0 0 0 1
 1 0 0 0 1 0 1 0 0 1 0 1 1 1 1 1 0 0 0 0 1 1 1 1 1 0 0 1 0 0 1 1 0 0 1 0 0
 1 0 1 0 0 0 0 1 0 1 1 0 1 1 1 1 1 1 1 1 1 0 0 0 0 1 1 1 0 1 1 0 0 0 0 1 1
 0 1 0 0 0 0 1 0 1 0 1 1 0 1 0 1 1 0 1 0 1 1 0 1 1 1 0 0 0 0 1 0 1 0 1 0 0
 0 1 0 1 0 1 0 0 0 0 1 0 0 0 0 1 1 1 1 0 0 1 1 0 1 0 0 1 0 0 1 0 0 1 1 1 0
 0 0 1 0 1 0 0 0 0 1 1 1 1 1 1 1 1 1 1 1 1 0 1 1 1 0 0 1 1 1 0 1 1 1 1 1 1
 0 1 0 1 1 1 1 1 0 0 0 0 0 0 1 0 1 0 0 0 1 1 0 1 0 0 0 1 1 1 1 1 0 1 1 0 1
 0 1 0 1 0 1 0 0 1 0 0 0 1 1 1 0 0 0 1 1 1 0 1 1 1 0 1 0 0 0 1 0 0 1 0 0 1
 1 0 1 0 1 0 1 0 0 1 1 0 0]","[  0   2   3   4   7   8  11  12  14  15  17  18  20  22  26  27  29  31
  36  38  40  44  45  46  47  48  49  51  52  53  57  59  60  61  62  64
  65  66  67  69  73  74  76  78  81  82  84  85  86  87  90  91  93  95
  97  98 101 105 106 107 110 113 115 116 117 120 124 126 129 130 134 137
 138 139 142 143 144 146 149 152 154 157 161 162 163 168 169 173 175 176
 178 181 182 183 184 187 189 191 192 197 200 207 210 211 212 213 215 216
 223 226 227 231 232 237 242 243 246 249 253 254 255 257 259 260 261 263
 264 266 269 270 274 277 278 279 280 282 283 285 286 287 290 292 293 294
 295 296 297 300 301 303 305 306 314 315 317 318 321 323 324 326 327 328
 331 332 334 335 336 338 340 341 344 345 348 350 352 354 356 359 360 362
 364 367 368 370 371 375 376 377 379 382 390 391 393 396 397 399 400 402
 407 409 412 414 416 419 422 424 425 429 433 435 436 437 439 440 445 447
 452 453 456 459 461 464 467 473 480 481 485 487 490 492 493 494 495 496
 501 502 503 504 505 508 511 512 515 518 520 525 527 528 530 531 532 533
 534 535 536 537 538 543 544 545 547 548 553 554 556 561 563 565 566 568
 570 571 573 575 576 578 579 580 585 587 589 593 595 597 602 607 608 609
 610 613 614 616 619 622 625 626 627 631 633 638 639 640 641 642 643 644
 645 646 647 648 649 651 652 653 656 657 658 660 661 662 663 664 665 667
 669 670 671 672 673 680 682 686 687 689 693 694 695 696 697 699 700 702
 704 706 708 711 715 716 717 721 722 723 725 726 727 729 733 736 739 740
 742 744 746 749 750]",0.9736842105263158,18.619351625442505
0.8000000000000003,"[1 0 0 1 1 1 0 1 1 1 0 0 0 0 1 0 1 0 1 0 1 0 1 1 0 1 0 0 0 1 1 0 1 0 0 1 0
 0 1 0 0 1 1 1 0 0 1 1 1 0 1 0 0 0 1 0 1 1 1 1 0 1 1 0 1 1 1 0 1 0 0 0 1 0
 0 0 1 0 1 0 1 1 0 0 1 0 0 1 1 0 0 1 0 0 0 1 0 0 0 1 0 0 1 0 0 0 1 0 0 0 1
 1 0 0 1 1 1 0 0 1 0 1 0 1 0 1 1 0 1 0 0 0 1 1 1 1 0 1 0 0 0 0 0 1 1 0 0 0
 0 1 1 1 1 0 0 1 1 0 0 0 0 1 1 1 0 1 1 0 1 1 1 1 0 1 1 1 1 0 1 0 0 1 1 0 1
 0 0 0 1 1 0 1 0 0 0 0 0 0 1 1 1 1 1 1 0 0 0 1 0 1 0 1 1 0 1 1 0 1 0 0 1 0
 0 0 1 0 1 1 0 0 0 1 1 0 1 0 0 0 0 1 0 1 0 1 1 0 1 0 0 0 1 1 1 0 0 1 1 1 1
 1 1 0 1 0 0 0 0 0 1 0 0 0 0 0 1 1 0 1 1 1 1 0 0 0 1 1 0 0 1 1 1 0 1 0 1 1
 0 0 0 0 0 1 1 1 0 1 0 0 0 0 1 1 0 1 0 0 0 0 1 1 0 0 0 1 1 0 1 0 0 1 1 1 1
 1 0 0 1 1 0 0 0 0 0 0 1 0 0 1 1 0 0 0 0 1 0 0 0 1 0 1 0 0 1 1 1 1 1 0 1 0
 0 1 1 1 0 0 0 1 1 0 1 1 0 1 1 1 1 1 1 1 1 1 0 1 1 0 0 0 0 0 0 1 0 0 0 0 0
 0 1 1 0 0 1 1 0 1 0 1 0 0 1 1 0 1 1 1 1 1 0 0 0 0 0 0 1 1 1 0 1 1 1 0 0 1
 0 1 0 1 1 0 0 0 1 0 0 0 0 1 1 1 1 0 1 0 1 0 1 0 1 1 1 1 1 1 1 1 0 1 1 0 1
 0 1 1 1 1 0 0 1 0 0 0 0 0 1 1 1 0 0 1 1 1 0 0 1 0 0 0 0 1 1 0 0 1 1 1 1 1
 1 0 1 1 1 1 1 1 1 1 0 0 0 1 0 1 0 1 1 0 1 1 1 1 0 0 0 0 1 0 1 1 1 1 0 1 1
 0 1 0 1 0 1 0 0 0 0 0 0 0 1 1 0 1 1 1 0 1 1 0 1 0 0 1 0 0 0 0 0 1 1 0 0 1
 1 0 1 0 0 1 1 0 0 1 0 0 0 0 1 1 1 1 0 1 1 0 1 0 0 0 0 1 0 1 0 0 1 1 1 1 1
 0 0 0 1 1 1 1 0 1 0 1 1 0 1 0 1 1 0 0 1 1 0 0 1 1 0 0 0 0 0 1 1 1 0 1 1 1
 0 0 0 0 1 0 0 1 1 1 1 0 0 0 1 0 1 1 1 0 0 0 0 1 1 1 1 0 1 0 0 1 1 0 1 0 0
 1 0 0 0 1 1 0 1 0 1 1 1 0 1 1 1 0 1 0 1 1 0 1 0 0 0 1 0 1 1 0 1 0 0 1 0 0
 1 1 0 0 0 0 0 1 0 1 1 0 1]","[  0   3   4   5   7   8   9  14  16  18  20  22  23  25  29  30  32  35
  38  41  42  43  46  47  48  50  54  56  57  58  59  61  62  64  65  66
  68  72  76  78  80  81  84  87  88  91  95  99 102 106 110 111 114 115
 116 119 121 123 125 126 128 132 133 134 135 137 143 144 149 150 151 152
 155 156 161 162 163 165 166 168 169 170 171 173 174 175 176 178 181 182
 184 188 189 191 198 199 200 201 202 203 207 209 211 212 214 215 217 220
 224 226 227 231 232 234 239 241 243 244 246 250 251 252 255 256 257 258
 259 260 262 268 274 275 277 278 279 280 284 285 288 289 290 292 294 295
 301 302 303 305 310 311 313 318 319 323 324 326 329 330 331 332 333 336
 337 344 347 348 353 357 359 362 363 364 365 366 368 371 372 373 377 378
 380 381 383 384 385 386 387 388 389 390 391 393 394 401 408 409 412 413
 415 417 420 421 423 424 425 426 427 434 435 436 438 439 440 443 445 447
 448 452 457 458 459 460 462 464 466 468 469 470 471 472 473 474 475 477
 478 480 482 483 484 485 488 494 495 496 499 500 501 504 509 510 513 514
 515 516 517 518 520 521 522 523 524 525 526 527 531 533 535 536 538 539
 540 541 546 548 549 550 551 553 554 556 558 560 568 569 571 572 573 575
 576 578 581 587 588 591 592 594 597 598 601 606 607 608 609 611 612 614
 619 621 624 625 626 627 628 632 633 634 635 637 639 640 642 644 645 648
 649 652 653 659 660 661 663 664 665 670 673 674 675 676 680 682 683 684
 689 690 691 692 694 697 698 700 703 707 708 710 712 713 714 716 717 718
 720 722 723 725 729 731 732 734 737 740 741 747 749 750 752]",0.9736842105263158,17.78508758544922
0.8500000000000003,"[1 0 0 1 1 1 0 1 0 1 0 0 1 1 0 0 0 0 0 0 1 0 1 0 1 0 1 0 0 0 0 1 1 0 0 1 1
 1 1 1 0 1 1 1 1 1 1 1 0 0 1 1 0 1 0 0 0 1 1 0 0 1 0 1 0 1 1 0 1 0 0 1 0 0
 1 0 0 1 0 0 1 0 0 1 0 0 0 0 0 0 0 1 0 0 1 1 1 0 1 0 1 0 1 0 0 1 0 1 0 0 1
 1 0 1 1 0 0 1 1 1 0 1 0 0 0 0 1 0 0 0 0 1 1 0 1 1 0 0 0 0 0 0 0 0 1 1 1 1
 1 1 1 1 1 1 0 1 0 1 1 1 1 0 1 1 0 0 0 1 1 0 0 0 1 0 1 0 1 0 0 0 0 0 1 0 1
 1 0 0 0 1 0 1 1 0 0 0 1 1 1 1 0 0 0 0 1 1 0 1 1 0 1 1 1 0 0 0 0 1 0 1 0 1
 1 0 0 1 0 0 0 0 0 1 1 0 0 1 0 1 0 0 1 1 0 1 1 0 0 1 0 1 0 0 0 0 1 1 0 0 1
 1 1 1 0 1 1 0 1 1 1 0 0 0 1 1 0 0 0 0 1 0 1 1 1 0 0 0 1 1 1 0 0 0 0 1 1 1
 1 0 1 0 0 1 0 1 0 0 0 1 0 0 1 0 1 0 1 1 1 0 1 0 1 1 1 1 1 1 0 0 0 1 0 0 0
 1 0 1 0 0 1 1 0 1 0 1 0 0 0 1 1 1 1 0 1 0 1 0 1 0 0 1 1 0 1 0 1 0 1 1 0 1
 1 0 1 0 0 1 0 1 1 1 0 0 1 0 1 1 1 1 1 0 1 1 1 1 0 0 0 0 1 1 1 0 0 1 0 1 1
 1 1 0 1 1 1 1 0 1 0 1 1 0 1 0 0 1 0 0 0 1 1 1 0 1 1 0 1 0 1 1 1 0 0 1 0 0
 0 1 0 1 1 0 1 1 1 0 0 1 1 0 0 1 1 1 1 1 0 1 1 0 0 0 1 1 0 0 0 1 0 0 1 1 1
 1 1 1 0 0 0 0 0 1 1 0 1 0 1 0 0 0 0 1 0 0 0 0 1 1 1 0 1 0 0 1 1 1 0 0 0 1
 1 1 1 0 0 0 0 0 0 1 0 1 1 0 1 1 0 0 0 0 1 0 1 1 0 0 1 1 1 0 0 0 0 1 1 1 0
 1 1 0 1 0 0 0 0 0 1 0 0 0 0 1 1 1 1 0 1 0 1 0 1 1 1 1 0 1 1 1 0 0 1 1 1 0
 1 1 0 1 0 0 1 0 1 0 1 1 1 1 0 1 0 0 0 0 1 0 0 1 0 1 1 0 1 1 0 0 0 1 1 1 0
 0 0 1 0 1 1 1 1 1 0 1 0 1 1 0 1 1 0 1 0 1 0 0 0 1 1 1 0 1 0 1 0 0 1 0 0 0
 1 0 1 0 1 1 0 1 0 1 1 1 0 1 0 0 0 0 1 1 0 1 1 1 1 1 0 0 1 1 1 1 0 1 1 1 0
 1 0 0 1 1 1 1 0 1 1 1 1 0 0 1 0 0 0 0 0 0 1 1 0 1 0 1 0 0 1 1 1 0 0 1 0 1
 0 0 0 1 0 0 0 1 1 0 0 1 0]","[  0   3   4   5   7   9  12  13  20  22  24  26  31  32  35  36  37  38
  39  41  42  43  44  45  46  47  50  51  53  57  58  61  63  65  66  68
  71  74  77  80  83  91  94  95  96  98 100 102 105 107 110 111 113 114
 117 118 119 121 126 131 132 134 135 144 145 146 147 148 149 150 151 152
 153 155 157 158 159 160 162 163 167 168 172 174 176 182 184 185 189 191
 192 196 197 198 199 204 205 207 208 210 211 212 217 219 221 222 225 231
 232 235 237 240 241 243 244 247 249 254 255 258 259 260 261 263 264 266
 267 268 272 273 278 280 281 282 286 287 288 293 294 295 296 298 301 303
 307 310 312 314 315 316 318 320 321 322 323 324 325 329 333 335 338 339
 341 343 347 348 349 350 352 354 356 359 360 362 364 366 367 369 370 372
 375 377 378 379 382 384 385 386 387 388 390 391 392 393 398 399 400 403
 405 406 407 408 410 411 412 413 415 417 418 420 423 427 428 429 431 432
 434 436 437 438 441 445 447 448 450 451 452 455 456 459 460 461 462 463
 465 466 470 471 475 478 479 480 481 482 483 489 490 492 494 499 504 505
 506 508 511 512 513 517 518 519 520 527 529 530 532 533 538 540 541 544
 545 546 551 552 553 555 556 558 564 569 570 571 572 574 576 578 579 580
 581 583 584 585 588 589 590 592 593 595 598 600 602 603 604 605 607 612
 615 617 618 620 621 625 626 627 631 633 634 635 636 637 639 641 642 644
 645 647 649 653 654 655 657 659 662 666 668 670 671 673 675 676 677 679
 684 685 687 688 689 690 691 694 695 696 697 699 700 701 703 706 707 708
 709 711 712 713 714 717 724 725 727 729 732 733 734 737 739 743 747 748
 751]",0.9605263157894737,18.584476470947266
0.9000000000000004,"[1 0 1 0 1 1 1 0 1 1 0 1 1 1 1 1 0 1 0 1 0 0 0 0 0 1 1 1 1 1 0 0 1 0 1 1 0
 0 0 0 0 0 0 0 0 0 0 1 1 0 0 0 0 1 1 0 0 0 0 1 0 1 0 1 0 0 0 1 0 0 0 1 0 1
 0 0 1 1 1 0 1 0 1 1 0 0 1 1 1 0 1 1 0 0 0 0 1 1 0 1 1 0 0 0 0 1 0 0 1 1 1
 0 0 0 1 1 0 0 1 1 0 1 0 1 0 0 1 1 1 0 1 1 0 0 0 1 0 0 1 0 0 1 1 1 1 0 1 1
 0 0 0 1 1 0 1 1 1 0 1 1 0 0 1 0 0 1 0 0 0 1 1 0 1 0 0 1 0 1 0 1 0 1 0 0 1
 0 1 0 0 1 0 1 0 1 0 0 0 1 0 0 1 1 0 0 1 0 1 1 1 1 0 1 1 0 1 1 1 0 1 0 0 0
 0 1 0 0 1 0 0 0 0 0 0 0 0 1 1 1 1 0 0 1 0 1 1 0 0 0 0 0 0 0 1 0 1 1 1 0 0
 0 1 0 0 0 0 1 0 1 1 0 0 0 1 0 1 1 1 0 0 0 1 1 1 1 1 0 0 0 0 1 1 0 1 1 0 1
 1 0 1 0 1 0 1 1 1 0 1 0 1 1 1 0 0 1 1 1 0 0 1 0 1 1 1 0 1 0 0 1 1 1 1 0 0
 1 0 0 0 1 0 0 1 1 0 1 1 0 1 0 1 0 1 1 0 1 1 1 1 0 1 0 1 1 1 0 1 0 1 1 1 0
 1 0 1 1 1 1 1 1 0 1 1 1 1 1 1 0 0 0 0 0 1 1 1 1 1 0 0 0 0 0 1 1 1 1 0 1 0
 1 0 0 0 1 0 1 1 0 0 1 1 1 0 1 0 0 0 1 0 1 1 0 1 0 1 0 0 1 0 1 0 0 0 0 1 0
 1 0 0 1 0 1 0 1 1 1 0 0 1 1 1 1 1 1 1 0 0 1 1 0 1 0 0 0 0 0 1 0 0 0 0 0 0
 1 0 1 1 1 0 1 0 0 0 0 1 0 1 1 0 0 0 0 0 1 0 1 0 0 1 0 0 0 1 1 0 0 0 0 0 1
 0 1 1 0 0 0 0 1 1 1 0 0 0 0 0 1 1 0 1 0 1 1 1 0 0 1 0 1 0 0 1 0 0 1 0 0 1
 0 0 0 1 1 0 0 1 0 0 0 0 1 1 0 0 1 0 0 0 0 0 0 0 1 0 0 1 0 0 0 1 1 0 0 0 1
 0 1 0 1 0 0 1 1 0 0 1 1 1 0 0 0 0 1 1 1 1 0 0 0 0 1 1 0 0 0 1 1 0 0 0 0 1
 1 1 0 0 1 0 1 0 1 1 1 0 0 0 1 0 0 1 1 1 0 1 1 1 1 0 0 1 0 1 1 0 0 0 1 1 1
 1 1 0 1 1 0 1 1 1 1 1 1 1 1 0 0 1 0 1 0 0 0 0 0 1 1 0 1 1 1 1 0 0 1 1 1 1
 1 0 0 0 1 0 1 1 0 1 0 1 1 1 0 0 1 1 1 1 1 1 0 0 0 1 1 0 0 0 0 1 0 0 0 0 0
 0 0 1 0 1 1 0 0 0 0 1 0 1]","[  0   2   4   5   6   8   9  11  12  13  14  15  17  19  25  26  27  28
  29  32  34  35  47  48  53  54  59  61  63  67  71  73  76  77  78  80
  82  83  86  87  88  90  91  96  97  99 100 105 108 109 110 114 115 118
 119 121 123 126 127 128 130 131 135 138 141 142 143 144 146 147 151 152
 154 155 156 158 159 162 165 169 170 172 175 177 179 181 184 186 189 191
 193 197 200 201 204 206 207 208 209 211 212 214 215 216 218 223 226 235
 236 237 238 241 243 244 252 254 255 256 260 265 267 268 272 274 275 276
 280 281 282 283 284 289 290 292 293 295 296 298 300 302 303 304 306 308
 309 310 313 314 315 318 320 321 322 324 327 328 329 330 333 337 340 341
 343 344 346 348 350 351 353 354 355 356 358 360 361 362 364 366 367 368
 370 372 373 374 375 376 377 379 380 381 382 383 384 390 391 392 393 394
 400 401 402 403 405 407 411 413 414 417 418 419 421 425 427 428 430 432
 435 437 442 444 447 449 451 452 453 456 457 458 459 460 461 462 465 466
 468 474 481 483 484 485 487 492 494 495 501 503 506 510 511 517 519 520
 525 526 527 533 534 536 538 539 540 543 545 548 551 554 558 559 562 567
 568 571 579 582 586 587 591 593 595 598 599 602 603 604 609 610 611 612
 617 618 622 623 628 629 630 633 635 637 638 639 643 646 647 648 650 651
 652 653 656 658 659 663 664 665 666 667 669 670 672 673 674 675 676 677
 678 679 682 684 690 691 693 694 695 696 699 700 701 702 703 707 709 710
 712 714 715 716 719 720 721 722 723 724 728 729 734 742 744 745 750 752]",0.9868421052631579,18.568544626235962
0.9500000000000004,"[1 1 1 0 0 1 1 0 1 1 0 1 0 0 1 1 1 1 1 1 1 1 0 1 1 1 1 0 1 1 1 1 0 1 1 1 1
 1 0 1 0 1 1 0 0 1 0 1 0 1 0 0 0 0 1 1 1 1 0 1 0 1 1 0 0 0 1 0 1 1 0 1 0 1
 0 1 1 0 1 1 1 0 0 0 1 0 0 1 0 0 1 1 0 0 0 1 0 1 0 0 0 0 0 1 0 1 1 0 1 1 0
 0 1 0 0 0 0 0 1 0 0 0 1 1 1 1 1 0 0 0 0 1 1 0 0 1 0 0 0 1 0 0 0 0 0 1 0 1
 0 0 0 0 1 1 0 0 0 1 0 1 1 1 0 1 1 0 0 0 1 0 1 1 1 1 1 1 1 0 1 0 1 1 0 1 0
 0 0 1 1 1 0 0 0 0 1 1 1 0 0 0 1 0 1 1 0 1 1 1 0 0 0 0 1 1 0 1 0 1 1 0 0 1
 0 1 1 1 1 0 1 1 0 1 1 1 1 0 0 1 0 1 1 1 1 1 0 1 0 1 1 1 1 1 1 1 0 1 0 0 1
 1 0 0 0 1 0 0 0 1 1 1 1 1 0 1 1 1 0 0 1 1 1 0 1 1 0 0 0 0 0 0 0 0 1 0 1 1
 0 1 1 0 0 0 0 1 1 0 1 0 1 1 1 1 1 0 1 0 1 1 0 0 0 1 0 1 0 1 0 1 1 1 0 0 1
 1 1 0 0 0 1 1 1 1 0 1 0 1 1 0 1 0 0 0 0 0 1 1 0 0 1 0 1 1 1 1 1 1 0 0 0 0
 1 0 1 1 1 1 1 0 1 0 1 0 1 0 0 1 0 1 0 1 1 1 1 0 1 0 1 1 0 1 1 0 1 1 0 1 1
 1 0 1 0 1 1 1 0 1 1 1 0 1 0 0 0 0 0 1 1 0 1 0 1 1 1 0 1 1 1 1 1 1 1 0 0 0
 1 1 0 0 1 1 1 0 0 1 1 0 1 0 1 1 0 0 1 1 1 0 0 0 0 1 1 1 0 0 0 0 1 1 1 1 0
 1 0 1 1 0 1 1 0 0 1 1 1 0 1 0 0 1 1 1 0 1 1 0 0 1 1 0 0 0 0 1 1 0 1 0 1 0
 0 1 0 1 1 0 0 1 0 1 0 1 1 1 1 1 1 1 1 0 1 1 1 0 1 1 0 1 1 0 0 1 0 0 0 1 0
 0 0 1 0 1 0 1 1 0 1 0 0 0 1 0 1 1 1 1 0 1 0 0 0 0 1 0 1 0 0 0 0 1 1 0 1 0
 1 0 0 0 0 1 0 0 0 1 0 0 0 1 0 1 0 0 0 0 1 1 1 0 1 1 1 0 1 1 1 0 1 1 0 0 1
 0 1 0 0 1 1 1 0 1 0 1 0 0 0 1 0 1 0 0 1 0 0 0 1 0 0 1 0 1 1 0 1 1 1 1 1 0
 1 1 0 1 0 0 0 1 1 1 0 1 1 1 0 0 0 0 0 1 0 1 0 0 0 0 1 0 0 0 1 1 1 0 0 0 1
 0 1 1 1 0 0 1 0 0 1 1 0 1 1 0 1 1 0 0 1 1 1 1 0 0 1 1 0 1 0 1 0 0 1 0 0 0
 0 0 0 1 1 1 1 0 1 0 0 0 0]","[  0   1   2   5   6   8   9  11  14  15  16  17  18  19  20  21  23  24
  25  26  28  29  30  31  33  34  35  36  37  39  41  42  45  47  49  54
  55  56  57  59  61  62  66  68  69  71  73  75  76  78  79  80  84  87
  90  91  95  97 103 105 106 108 109 112 118 122 123 124 125 126 131 132
 135 139 145 147 152 153 157 159 160 161 163 164 168 170 171 172 173 174
 175 176 178 180 181 183 187 188 189 194 195 196 200 202 203 205 206 207
 212 213 215 217 218 221 223 224 225 226 228 229 231 232 233 234 237 239
 240 241 242 243 245 247 248 249 250 251 252 253 255 258 259 263 267 268
 269 270 271 273 274 275 278 279 280 282 283 292 294 295 297 298 303 304
 306 308 309 310 311 312 314 316 317 321 323 325 327 328 329 332 333 334
 338 339 340 341 343 345 346 348 354 355 358 360 361 362 363 364 365 370
 372 373 374 375 376 378 380 382 385 387 389 390 391 392 394 396 397 399
 400 402 403 405 406 407 409 411 412 413 415 416 417 419 425 426 428 430
 431 432 434 435 436 437 438 439 440 444 445 448 449 450 453 454 456 458
 459 462 463 464 469 470 471 476 477 478 479 481 483 484 486 487 490 491
 492 494 497 498 499 501 502 505 506 511 512 514 516 519 521 522 525 527
 529 530 531 532 533 534 535 536 538 539 540 542 543 545 546 549 553 557
 559 561 562 564 568 570 571 572 573 575 580 582 587 588 590 592 597 601
 605 607 612 613 614 616 617 618 620 621 622 624 625 628 630 633 634 635
 637 639 643 645 648 652 655 657 658 660 661 662 663 664 666 667 669 673
 674 675 677 678 679 685 687 692 696 697 698 702 704 705 706 709 712 713
 715 716 718 719 722 723 724 725 728 729 731 733 736 743 744 745 746 748]",0.9605263157894737,19.68717312812805
1.0000000000000004,"[1 0 1 0 1 1 1 0 0 0 0 0 1 1 1 1 1 0 0 0 0 0 1 0 0 1 1 1 0 0 0 1 1 1 1 1 1
 1 1 1 0 0 0 1 0 0 1 0 0 0 1 1 0 0 0 0 1 0 1 0 1 0 0 1 1 0 1 0 1 1 1 0 1 1
 0 1 1 1 0 1 1 0 1 0 0 0 0 1 1 0 0 0 0 1 0 1 1 1 1 1 1 0 0 1 0 1 0 1 0 0 1
 1 1 1 0 0 1 0 0 0 0 0 0 0 0 1 1 0 0 1 1 1 1 0 0 0 1 0 1 0 0 1 0 1 1 1 0 0
 0 1 1 0 0 1 1 0 1 0 1 0 1 1 1 0 0 1 1 1 1 1 0 1 0 0 0 0 0 1 0 0 0 1 0 1 0
 0 1 1 0 1 1 0 1 1 0 1 1 1 0 0 1 0 0 0 1 1 0 1 1 1 1 0 0 1 0 0 0 0 0 0 0 0
 0 0 1 0 0 0 0 1 1 0 1 1 0 1 1 1 1 0 1 0 0 1 1 1 0 1 0 1 1 0 0 0 0 1 0 1 0
 0 1 0 1 0 1 0 0 0 1 0 0 0 0 1 0 1 1 1 1 0 1 0 1 1 0 1 0 1 0 1 1 0 0 1 1 0
 0 1 1 0 1 0 1 1 0 1 0 1 1 0 0 0 1 0 1 1 0 1 1 1 0 1 1 0 1 1 1 1 0 1 1 1 1
 1 1 1 0 1 1 1 1 0 1 1 1 1 0 0 1 1 0 0 1 1 1 0 1 1 1 1 0 0 1 1 0 1 0 1 1 0
 0 1 1 0 0 0 1 0 1 0 1 0 0 1 0 0 1 0 1 0 0 1 1 1 0 0 0 0 0 1 1 0 1 1 1 0 1
 1 0 1 0 0 1 1 0 0 0 1 1 0 1 1 1 1 0 1 0 0 1 1 0 1 1 1 0 1 1 1 0 0 0 0 0 0
 1 1 0 1 1 1 1 1 0 0 1 1 0 0 0 1 1 0 0 1 1 1 0 0 0 0 0 1 0 0 1 1 0 1 1 1 0
 1 1 0 1 1 0 0 0 1 1 1 0 0 0 1 0 0 0 0 0 0 1 0 1 0 0 0 1 0 0 1 0 1 1 1 1 1
 1 1 1 1 1 0 0 1 0 1 0 0 1 0 0 1 0 0 1 0 1 0 1 0 0 1 1 0 1 1 0 0 1 1 1 1 0
 0 1 1 1 0 1 0 1 1 0 0 1 0 1 1 0 0 0 0 1 0 1 1 1 1 1 1 1 0 0 0 1 1 1 0 1 1
 1 0 0 1 0 1 1 1 1 1 0 0 1 0 0 1 0 0 0 1 0 0 1 0 1 1 1 0 0 0 1 1 0 1 0 0 0
 0 0 1 0 0 0 0 1 0 1 0 1 1 0 0 1 1 0 1 0 0 0 0 1 1 0 1 0 0 0 0 0 0 0 0 0 1
 1 0 1 1 0 0 1 1 0 1 1 1 1 1 1 1 1 0 0 0 1 0 0 1 0 0 0 1 1 0 1 0 0 1 0 0 1
 0 1 1 1 1 0 1 1 0 1 0 0 0 1 1 1 0 1 0 1 0 0 0 1 0 1 0 1 0 1 1 1 0 0 1 1 1
 1 1 1 1 0 1 0 0 0 0 1 0 1]","[  0   2   4   5   6  12  13  14  15  16  22  25  26  27  31  32  33  34
  35  36  37  38  39  43  46  50  51  56  58  60  63  64  66  68  69  70
  72  73  75  76  77  79  80  82  87  88  93  95  96  97  98  99 100 103
 105 107 110 111 112 113 116 125 126 129 130 131 132 136 138 141 143 144
 145 149 150 153 154 156 158 160 161 162 165 166 167 168 169 171 177 181
 183 186 187 189 190 192 193 195 196 197 200 204 205 207 208 209 210 213
 224 229 230 232 233 235 236 237 238 240 243 244 245 247 249 250 255 257
 260 262 264 268 273 275 276 277 278 280 282 283 285 287 289 290 293 294
 297 298 300 302 303 305 307 308 312 314 315 317 318 319 321 322 324 325
 326 327 329 330 331 332 333 334 335 337 338 339 340 342 343 344 345 348
 349 352 353 354 356 357 358 359 362 363 365 367 368 371 372 376 378 380
 383 386 388 391 392 393 399 400 402 403 404 406 407 409 412 413 417 418
 420 421 422 423 425 428 429 431 432 433 435 436 437 444 445 447 448 449
 450 451 454 455 459 460 463 464 465 471 474 475 477 478 479 481 482 484
 485 489 490 491 495 502 504 508 511 513 514 515 516 517 518 519 520 521
 522 525 527 530 533 536 538 540 543 544 546 547 550 551 552 553 556 557
 558 560 562 563 566 568 569 574 576 577 578 579 580 581 582 586 587 588
 590 591 592 595 597 598 599 600 601 604 607 611 614 616 617 618 622 623
 625 631 636 638 640 641 644 645 647 652 653 655 665 666 668 669 672 673
 675 676 677 678 679 680 681 682 686 689 693 694 696 699 702 704 705 706
 707 709 710 712 716 717 718 720 722 726 728 730 732 733 734 737 738 739
 740 741 742 743 745 750 752]",0.9605263157894737,19.12392497062683
1.0500000000000005,"[0 0 0 0 0 0 1 1 1 0 0 0 1 1 1 1 1 0 0 1 0 1 1 1 0 0 0 0 0 0 0 0 0 1 0 0 0
 0 1 0 1 1 1 0 0 0 1 0 0 0 1 1 1 1 0 0 0 1 0 1 0 1 1 1 1 1 0 0 1 0 1 0 1 0
 0 1 1 1 0 0 1 0 0 1 1 0 0 0 0 0 1 0 1 1 0 1 0 0 0 0 0 1 0 0 0 1 0 1 0 0 0
 1 0 1 0 0 1 1 0 1 1 1 0 1 0 1 0 1 1 0 0 0 1 1 1 0 1 1 0 1 1 1 1 1 0 0 1 1
 0 1 1 0 0 0 1 0 0 1 0 1 0 0 0 0 0 0 0 0 1 1 1 0 0 0 0 1 0 0 1 0 0 0 1 0 1
 1 1 0 0 1 1 0 0 1 1 1 0 1 0 0 0 0 1 0 0 1 1 0 0 1 0 0 0 0 1 1 1 1 0 0 1 1
 0 0 0 1 0 0 0 1 0 1 1 1 0 0 1 0 0 1 1 1 0 0 1 1 0 0 1 0 0 0 0 1 1 1 0 1 1
 0 1 1 0 1 1 0 1 1 0 1 0 1 1 0 0 1 0 1 0 1 1 1 1 0 1 0 0 0 0 0 1 1 0 1 0 1
 1 0 0 0 1 0 1 1 0 1 1 0 0 0 1 0 1 0 1 0 0 0 0 0 0 1 0 1 0 0 1 0 1 0 1 0 1
 1 1 1 1 0 0 0 1 1 1 0 1 1 1 0 1 1 1 0 1 0 0 1 0 1 1 1 1 0 0 1 0 0 1 1 1 0
 0 1 0 0 0 0 0 1 0 1 0 1 1 1 1 0 1 1 0 1 1 0 0 1 0 0 1 0 1 1 1 0 0 1 0 0 1
 1 1 0 0 1 1 1 0 1 1 1 1 0 1 1 1 1 0 1 0 1 0 1 1 0 0 0 0 0 0 1 0 1 1 0 1 1
 1 0 0 0 1 1 0 1 1 1 1 0 1 1 1 0 1 0 0 0 1 1 1 1 0 1 0 1 0 0 1 0 0 1 1 1 1
 1 1 0 0 0 0 0 1 1 1 1 0 0 0 1 1 1 1 0 0 1 1 1 1 0 0 0 0 0 1 0 0 0 1 1 0 1
 0 1 0 0 1 0 1 1 0 0 0 0 1 0 1 0 0 1 1 0 0 0 0 1 0 1 1 0 1 0 1 0 0 1 1 1 0
 1 1 1 1 1 1 1 1 0 0 1 0 1 1 0 1 0 0 1 0 1 0 1 1 1 1 1 1 1 0 0 0 1 1 1 0 1
 0 0 1 0 0 1 1 0 0 1 1 1 1 1 0 0 0 0 0 1 1 0 1 0 0 1 1 0 0 0 1 0 1 1 1 0 0
 0 1 0 0 0 1 1 0 1 1 0 0 0 1 1 1 0 0 1 0 1 1 0 1 0 0 0 1 0 1 1 1 0 1 0 0 0
 0 1 0 1 1 1 0 1 1 0 0 1 0 1 1 0 1 0 0 0 0 1 0 0 1 1 0 1 1 1 1 0 1 0 0 1 0
 0 0 0 0 1 0 0 0 1 0 1 1 0 1 1 0 1 0 0 1 1 0 1 0 1 1 0 1 1 0 0 0 1 1 1 0 0
 1 0 0 0 1 1 1 0 0 1 1 1 0]","[  6   7   8  12  13  14  15  16  19  21  22  23  33  38  40  41  42  46
  50  51  52  53  57  59  61  62  63  64  65  68  70  72  75  76  77  80
  83  84  90  92  93  95 101 105 107 111 113 116 117 119 120 121 123 125
 127 128 132 133 134 136 137 139 140 141 142 143 146 147 149 150 154 157
 159 168 169 170 175 178 182 184 185 186 189 190 193 194 195 197 202 205
 206 209 214 215 216 217 220 221 225 229 231 232 233 236 239 240 241 244
 245 248 253 254 255 257 258 260 261 263 264 266 267 269 271 272 275 277
 279 280 281 282 284 290 291 293 295 296 300 302 303 305 306 310 312 314
 321 323 326 328 330 332 333 334 335 336 340 341 342 344 345 346 348 349
 350 352 355 357 358 359 360 363 366 367 368 371 377 379 381 382 383 384
 386 387 389 390 393 396 398 399 400 403 406 407 408 411 412 413 415 416
 417 418 420 421 422 423 425 427 429 430 437 439 440 442 443 444 448 449
 451 452 453 454 456 457 458 460 464 465 466 467 469 471 474 477 478 479
 480 481 482 488 489 490 491 495 496 497 498 501 502 503 504 510 514 515
 517 519 522 524 525 530 532 535 536 541 543 544 546 548 551 552 553 555
 556 557 558 559 560 561 562 565 567 568 570 573 575 577 578 579 580 581
 582 583 587 588 589 591 594 597 598 601 602 603 604 605 611 612 614 617
 618 622 624 625 626 630 634 635 637 638 642 643 644 647 649 650 652 656
 658 659 660 662 667 669 670 671 673 674 677 679 680 682 687 690 691 693
 694 695 696 698 701 707 711 713 714 716 717 719 722 723 725 727 728 730
 731 735 736 737 740 744 745 746 749 750 751]",0.9736842105263158,18.860705852508545
1.1000000000000005,"[1 1 1 1 1 1 1 1 0 0 0 0 0 1 1 1 1 1 1 0 1 1 1 0 1 1 1 0 1 1 1 0 1 1 0 0 1
 1 1 1 1 1 1 1 1 0 0 0 1 1 1 0 1 1 0 1 1 1 0 1 1 0 0 0 0 0 0 0 0 0 0 1 0 1
 1 1 1 0 0 0 0 0 0 1 1 1 1 1 1 0 0 0 0 0 0 1 1 1 0 0 1 0 1 1 1 0 0 1 1 0 0
 0 1 1 1 1 0 0 1 1 0 1 0 1 1 0 0 0 0 0 0 1 1 1 1 1 0 0 0 0 0 0 1 0 0 0 0 1
 0 0 1 1 0 1 0 0 0 1 0 0 0 0 0 0 0 1 1 0 1 1 1 0 0 0 0 0 0 0 0 0 1 0 0 0 1
 1 0 1 1 1 1 0 0 0 1 1 1 1 1 1 1 0 1 1 1 1 0 1 0 0 1 0 0 1 1 1 1 0 0 1 1 1
 1 1 0 0 0 1 0 1 0 1 0 0 0 0 0 1 1 0 0 1 1 0 0 0 1 1 1 1 0 1 0 1 1 0 0 0 1
 0 1 0 1 1 0 1 0 1 1 0 0 0 1 1 0 0 1 1 0 0 1 0 1 1 1 0 1 1 1 1 0 0 0 1 0 1
 0 0 0 0 1 0 1 1 1 1 1 1 1 1 0 0 0 1 0 1 0 1 0 0 1 1 1 1 1 0 1 0 1 1 1 1 1
 1 0 0 1 0 0 1 0 1 0 1 0 0 1 0 0 1 0 0 1 0 0 0 1 0 1 1 1 0 0 1 1 0 1 0 0 0
 0 1 1 1 1 0 0 1 1 0 0 1 0 1 0 0 1 1 0 1 1 1 0 0 0 1 1 0 0 1 1 1 1 0 0 1 0
 1 0 0 0 0 1 0 0 0 0 1 1 1 0 0 0 0 0 1 0 1 1 0 0 0 1 1 1 0 0 1 1 0 0 0 1 0
 0 0 1 1 1 1 1 0 1 0 0 0 1 0 0 0 0 1 0 0 0 0 1 0 1 0 0 1 0 1 1 0 1 1 1 0 1
 1 0 0 1 1 1 1 0 0 1 0 0 1 1 1 1 1 0 1 1 0 0 1 1 0 1 1 0 0 0 1 0 1 0 0 0 0
 1 0 1 1 1 1 0 1 1 0 1 1 0 1 0 0 0 0 1 0 1 0 0 0 0 1 0 0 0 1 1 1 1 1 0 0 1
 0 0 1 1 0 1 1 1 1 1 0 0 0 0 1 0 1 1 1 0 0 1 1 0 0 1 0 1 1 1 0 0 0 0 1 1 1
 0 0 0 1 0 1 1 1 0 0 0 0 0 1 0 1 0 0 0 1 1 1 0 0 1 1 0 0 1 0 0 1 0 0 0 0 1
 0 1 0 0 0 1 0 1 1 1 1 0 1 0 1 0 0 0 0 1 0 0 1 1 1 1 0 1 1 0 0 0 0 1 0 0 0
 0 0 0 0 1 0 0 0 0 1 0 1 0 1 1 1 0 0 0 0 1 0 0 1 1 1 0 1 1 0 1 1 1 1 1 0 0
 1 0 1 0 1 0 1 1 1 1 1 1 0 1 0 0 0 0 0 1 0 1 0 1 1 1 1 1 1 0 0 0 0 0 0 1 0
 1 1 1 0 1 0 1 0 1 1 1 1 1]","[  0   1   2   3   4   5   6   7  13  14  15  16  17  18  20  21  22  24
  25  26  28  29  30  32  33  36  37  38  39  40  41  42  43  44  48  49
  50  52  53  55  56  57  59  60  71  73  74  75  76  83  84  85  86  87
  88  95  96  97 100 102 103 104 107 108 112 113 114 115 118 119 121 123
 124 131 132 133 134 135 142 147 150 151 153 157 165 166 168 169 170 180
 184 185 187 188 189 190 194 195 196 197 198 199 200 202 203 204 205 207
 210 213 214 215 216 219 220 221 222 223 227 229 231 237 238 241 242 246
 247 248 249 251 253 254 258 260 262 263 265 267 268 272 273 276 277 280
 282 283 284 286 287 288 289 293 295 300 302 303 304 305 306 307 308 309
 313 315 317 320 321 322 323 324 326 328 329 330 331 332 333 336 339 341
 343 346 349 352 356 358 359 360 363 364 366 371 372 373 374 377 378 381
 383 386 387 389 390 391 395 396 399 400 401 402 405 407 412 417 418 419
 425 427 428 432 433 434 437 438 442 446 447 448 449 450 452 456 461 466
 468 471 473 474 476 477 478 480 481 484 485 486 487 490 493 494 495 496
 497 499 500 503 504 506 507 511 513 518 520 521 522 523 525 526 528 529
 531 536 538 543 547 548 549 550 551 554 557 558 560 561 562 563 564 569
 571 572 573 576 577 580 582 583 584 589 590 591 595 597 598 599 605 607
 611 612 613 616 617 620 623 628 630 634 636 637 638 639 641 643 648 651
 652 653 654 656 657 662 670 675 677 679 680 681 686 689 690 691 693 694
 696 697 698 699 700 703 705 707 709 710 711 712 713 714 716 722 724 726
 727 728 729 730 731 738 740 741 742 744 746 748 749 750 751 752]",0.9868421052631579,18.282121419906616
