f_max,best_solution,best_features,best_fitness,duration
2.0,"[1 0 0 0 0 1 1 0 0 0 0 1 1 1 0 1 1 1 1 1 0 1 1 1 1 1 1 1 1 1 1 0 1 1 1 1 1
 0 1 0 0 0 0 0 0 0 0 1 0 1 0 1 1 0 0 1 0 0 1 0 1 0 1 0 1 0 1 1 1 1 1 0 0 1
 0 1 0 1 1 0 1 0 1 0 0 1 1 1 1 1 1 1 0 0 0 1 1 1 1 1 0 0 1 1 1 1 1 1 0 1 1
 1 0 0 1 1 1 1 0 0 1 1 0 1 0 0 1 1 1 0 0 1 0 1 1 1 1 1 1 1 0 1 1 1 0 0 1 1
 0 0 0 0 1 1 0 1 1 1 0 0 0 1 1 1 1 0 0 0 1 1 1 0 1 0 1 0 0 0 1 1 0 1 0 1 1
 0 0 0 1 1 1 0 0 0 1 1 0 1 0 1 1 0 0 0 1 0 1 1 1 0 1 1 1 0 1 1 1 0 1 1 1 1
 0 1 1 1 1 0 0 1 1 1 0 1 1 0 1 1 0 0 1 0 1 1 0 1 0 0 1 1 1 1 1 1 0 1 0 0 0
 1 1 0 0 0 1 1 0 0 1 1 0 1 0 1 1 0 0 1 0 0 0 1 0 0 1 1 1 1 1 1 0 1 1 1 0 1
 0 0 1 1 0 0 0 1 0 0 1 1 1 1 1 1 0 0 1 1 1 1 1 1 1 1 1 1 1 0 1 1 0 1 0 0 0
 0 0 1 0 0 1 1 1 0 1 0 0 0 1 1 1 1 1 0 1 1 0 1 1 0 1 1 1 0 1 1 0 1 1 0 0 1
 0 0 0 1 0 0 1 0 0 1 0 1 1 0 1 0 0 0 1 0 0 1 1 1 0 1 1 0 1 1 1 1 1 1 0 1 1
 1 0 1 1 1 1 0 1 1 0 0 1 1 1 0 1 1 0 1 1 0 1 0 0 1 0 0 1 1 1 0 1 1 0 0 0 1
 0 1 1 1 1 0 1 1 1 1 1 0 0 0 1 1 1 1 1 0 1 1 1 1 0 1 0 1 1 1 1 0 0 0 0 0 1
 1 0 0 0 1 1 0 0 1 1 1 1 1 1 0 1 0 1 1 0 0 1 1 0 0 0 1 0 1 1 1 1 0 1 0 0 1
 0 1 0 1 0 0 0 1 0 1 1 0 0 0 1 0 1 1 1 0 0 0 0 1 1 1 1 1 1 1 0 1 0 0 1 0 0
 1 0 1 1 1 1 1 1 1 0 1 0 1 1 1 1 1 0 1 1 1 1 1 0 0 0 1 0 0 1 0 1 1 1 1 0 0
 1 1 0 1 1 0 1 1 0 1 0 1 1 0 1 1 0 1 1 0 1 0 1 1 1 1 0 1 1 1 0 1 0 0 0 1 1
 0 1 1 1 1 1 1 0 1 0 1 1 1 1 1 1 0 1 1 0 1 1 1 1 1 0 0 1 0 1 1 0 0 1 1 1 0
 1 1 1 1 0 1 0 1 1 0 1 1 1 1 0 0 0 0 1 1 0 0 1 0 1 1 1 0 1 0 1 0 0 0 0 1 0
 0 0 1 1 1 0 1 1 0 1 1 1 1 1 0 1 0 1 0 1 1 0 0 1 0 1 0 1 1 0 0 1 0 0 1 0 0
 0 0 1 1 1 1 1 1 0 1 1 0 0]","[  0   5   6  11  12  13  15  16  17  18  19  21  22  23  24  25  26  27
  28  29  30  32  33  34  35  36  38  47  49  51  52  55  58  60  62  64
  66  67  68  69  70  73  75  77  78  80  82  85  86  87  88  89  90  91
  95  96  97  98  99 102 103 104 105 106 107 109 110 111 114 115 116 117
 120 121 123 126 127 128 131 133 134 135 136 137 138 139 141 142 143 146
 147 152 153 155 156 157 161 162 163 164 168 169 170 172 174 178 179 181
 183 184 188 189 190 194 195 197 199 200 204 206 207 208 210 211 212 214
 215 216 218 219 220 221 223 224 225 226 229 230 231 233 234 236 237 240
 242 243 245 248 249 250 251 252 253 255 259 260 264 265 268 269 271 273
 274 277 281 284 285 286 287 288 289 291 292 293 295 298 299 303 306 307
 308 309 310 311 314 315 316 317 318 319 320 321 322 323 324 326 327 329
 335 338 339 340 342 346 347 348 349 350 352 353 355 356 358 359 360 362
 363 365 366 369 373 376 379 381 382 384 388 391 392 393 395 396 398 399
 400 401 402 403 405 406 407 409 410 411 412 414 415 418 419 420 422 423
 425 426 428 431 434 435 436 438 439 443 445 446 447 448 450 451 452 453
 454 458 459 460 461 462 464 465 466 467 469 471 472 473 474 480 481 485
 486 489 490 491 492 493 494 496 498 499 502 503 507 509 510 511 512 514
 517 519 521 525 527 528 532 534 535 536 541 542 543 544 545 546 547 549
 552 555 557 558 559 560 561 562 563 565 567 568 569 570 571 573 574 575
 576 577 581 584 586 587 588 589 592 593 595 596 598 599 601 603 604 606
 607 609 610 612 614 615 616 617 619 620 621 623 627 628 630 631 632 633
 634 635 637 639 640 641 642 643 644 646 647 649 650 651 652 653 656 658
 659 662 663 664 666 667 668 669 671 673 674 676 677 678 679 684 685 688
 690 691 692 694 696 701 705 706 707 709 710 712 713 714 715 716 718 720
 722 723 726 728 730 731 734 737 742 743 744 745 746 747 749 750]",0.9736842105263158,22.997036695480347
2.5,"[1 0 1 1 1 1 0 0 1 0 1 1 0 0 0 1 1 1 1 0 0 1 1 0 1 1 1 0 1 1 0 0 1 0 1 0 0
 0 0 0 1 0 0 1 0 0 1 0 0 1 1 1 0 0 1 1 0 0 1 0 1 0 0 0 0 0 1 1 1 1 0 1 0 0
 0 1 0 1 0 0 1 0 0 1 0 0 1 1 0 0 1 0 0 0 1 1 0 0 0 1 1 1 1 0 0 0 0 0 0 0 1
 1 0 1 0 0 0 0 0 1 1 1 0 1 1 0 1 1 0 1 0 1 0 1 1 1 0 0 0 1 1 1 1 1 1 0 0 1
 1 0 1 0 0 1 0 1 0 1 1 0 1 0 0 0 0 0 0 1 1 0 0 0 0 1 1 1 0 0 0 1 0 0 0 1 1
 0 0 1 1 1 0 0 1 0 0 1 0 0 1 0 1 1 1 1 0 1 1 1 1 1 1 0 0 0 1 0 0 0 1 0 0 0
 1 1 0 0 1 1 1 0 1 0 1 0 1 0 1 0 0 1 0 1 1 1 0 0 0 0 1 0 1 1 0 0 1 1 0 0 0
 1 0 0 0 0 1 0 1 0 1 0 1 0 1 0 0 1 1 0 1 1 1 1 1 1 1 1 1 1 0 1 0 0 1 0 0 0
 1 0 1 1 0 0 1 1 1 0 1 0 1 0 1 1 1 0 0 0 0 0 1 1 1 0 1 1 1 0 0 1 1 1 0 0 0
 0 0 0 0 1 0 1 0 0 1 0 1 0 0 0 0 0 1 0 1 0 1 1 0 0 1 0 1 0 0 1 0 1 1 0 1 0
 0 1 0 0 1 0 1 1 0 0 1 0 1 0 1 1 0 0 0 1 0 1 0 1 0 1 0 0 0 1 1 1 1 0 0 0 0
 0 1 1 0 0 1 0 0 1 1 1 1 0 0 1 1 0 0 1 1 1 1 1 0 0 1 1 1 0 0 0 0 0 0 1 1 1
 1 1 1 0 1 0 1 1 0 0 0 0 0 0 0 0 0 0 1 0 1 0 0 1 0 1 1 1 0 1 0 0 1 1 1 0 0
 1 1 0 1 0 0 0 0 0 0 1 1 0 0 0 0 0 0 1 1 0 0 1 0 0 0 0 0 0 0 1 0 1 0 1 0 1
 0 1 1 1 0 0 0 0 0 0 1 1 0 0 0 1 0 0 0 0 1 0 1 0 1 0 1 0 0 0 1 0 0 0 1 0 0
 0 1 1 0 0 0 1 1 0 0 0 1 1 0 1 0 1 1 0 0 0 1 1 0 0 0 0 1 0 1 1 1 1 1 0 1 1
 0 0 1 0 1 0 1 1 1 0 1 0 1 0 0 1 0 0 0 1 0 0 0 0 0 0 1 0 0 1 1 0 0 1 1 0 0
 0 1 0 1 1 0 0 0 1 0 0 0 0 1 0 1 0 0 1 0 1 0 1 1 0 1 1 0 1 1 0 0 1 1 0 0 1
 0 0 0 0 1 1 1 1 1 1 1 1 0 1 0 1 1 1 0 1 1 1 1 1 0 0 1 0 1 1 0 1 1 0 1 0 1
 1 1 0 1 1 1 0 1 1 0 1 0 0 1 0 0 0 0 0 1 1 1 0 0 1 1 0 1 1 1 1 0 1 1 0 0 0
 1 0 0 1 1 1 0 1 0 1 1 0 1]","[  0   2   3   4   5   8  10  11  15  16  17  18  21  22  24  25  26  28
  29  32  34  40  43  46  49  50  51  54  55  58  60  66  67  68  69  71
  75  77  80  83  86  87  90  94  95  99 100 101 102 110 111 113 119 120
 121 123 124 126 127 129 131 133 134 135 139 140 141 142 143 144 147 148
 150 153 155 157 158 160 167 168 173 174 175 179 183 184 187 188 189 192
 195 198 200 201 202 203 205 206 207 208 209 210 214 218 222 223 226 227
 228 230 232 234 236 239 241 242 243 248 250 251 254 255 259 264 266 268
 270 272 275 276 278 279 280 281 282 283 284 285 286 287 289 292 296 298
 299 302 303 304 306 308 310 311 312 318 319 320 322 323 324 327 328 329
 337 339 342 344 350 352 354 355 358 360 363 365 366 368 371 374 376 377
 380 382 384 385 389 391 393 395 399 400 401 402 408 409 412 415 416 417
 418 421 422 425 426 427 428 429 432 433 434 441 442 443 444 445 446 448
 450 451 462 464 467 469 470 471 473 476 477 478 481 482 484 491 492 499
 500 503 511 513 515 517 519 520 521 528 529 533 538 540 542 544 548 552
 556 557 561 562 566 567 569 571 572 576 577 582 584 585 586 587 588 590
 591 594 596 598 599 600 602 604 607 611 618 621 622 625 626 630 632 633
 637 642 644 647 649 651 652 654 655 657 658 661 662 665 670 671 672 673
 674 675 676 677 679 681 682 683 685 686 687 688 689 692 694 695 697 698
 700 702 703 704 706 707 708 710 711 713 716 722 723 724 727 728 730 731
 732 733 735 736 740 743 744 745 747 749 750 752]",0.9736842105263158,18.33836841583252
3.0,"[1 0 0 0 0 1 0 1 1 1 1 0 0 1 1 0 1 1 1 1 1 1 0 1 1 0 0 1 1 0 0 1 0 1 1 1 1
 1 1 1 0 1 1 0 1 1 0 0 1 1 1 1 1 1 1 0 0 1 0 0 0 1 1 1 0 1 0 1 1 1 1 0 1 0
 1 0 1 1 1 0 0 0 0 1 1 0 0 1 0 1 0 0 0 0 0 1 1 1 1 0 1 0 1 1 0 1 1 1 0 0 1
 1 1 1 0 0 0 0 0 1 0 0 1 1 1 1 1 1 1 0 0 1 0 1 0 1 1 1 0 1 0 1 1 1 1 1 1 1
 1 0 0 1 1 1 1 1 0 1 0 1 1 1 1 1 1 1 1 0 1 1 1 0 0 0 1 1 0 1 0 0 1 0 0 1 0
 1 1 0 1 1 1 1 0 0 1 0 1 1 0 1 1 0 1 0 0 1 1 0 1 1 1 0 1 1 0 1 1 0 1 1 1 1
 1 1 0 1 0 1 1 1 0 1 0 0 1 0 1 1 1 1 0 1 1 1 0 1 0 0 1 1 1 0 1 0 0 1 0 1 1
 0 1 1 0 0 0 1 0 1 1 1 1 1 1 1 1 0 1 0 1 1 1 1 0 1 1 1 1 1 0 1 0 1 1 0 1 0
 1 1 0 0 1 1 1 1 0 0 1 1 1 1 1 1 0 0 1 1 1 1 1 1 1 1 0 1 1 1 1 0 1 0 0 1 1
 1 1 0 1 1 1 1 1 1 0 1 1 1 1 0 1 1 1 0 0 0 1 0 1 1 0 0 1 0 0 1 0 1 1 0 1 1
 1 0 1 1 1 0 0 1 0 0 1 1 0 0 1 1 1 1 1 0 0 1 1 0 0 0 1 1 0 1 0 1 1 1 1 0 1
 1 1 0 0 1 1 1 0 0 0 1 1 0 1 1 0 1 0 1 1 1 0 0 1 0 0 1 1 1 1 0 1 0 0 1 0 1
 1 1 1 0 0 0 0 1 0 1 0 1 0 1 1 1 1 1 1 1 1 0 1 0 1 1 1 1 1 0 1 1 1 1 1 1 1
 1 1 0 0 0 1 1 1 1 1 1 1 1 0 1 0 1 1 1 1 0 1 0 1 1 0 0 1 0 1 1 0 0 1 1 0 1
 1 0 1 1 1 1 0 1 1 0 1 1 0 1 0 1 0 0 1 0 1 1 0 1 0 1 0 0 1 1 1 1 0 1 1 1 0
 0 1 1 0 1 1 0 0 0 0 1 1 0 0 1 1 1 0 1 0 1 1 1 1 1 1 0 0 1 1 1 1 1 0 1 1 1
 0 0 1 0 0 0 1 0 1 0 1 1 1 1 0 0 1 0 1 1 0 1 1 0 0 1 0 1 0 0 1 1 1 0 1 1 1
 0 0 0 0 0 0 1 1 1 0 1 1 1 1 1 0 0 1 1 0 1 1 1 1 1 1 1 0 0 0 1 1 1 1 1 0 1
 1 1 0 1 1 1 1 1 1 1 0 1 0 0 0 1 1 1 1 0 1 1 0 1 1 1 0 1 0 0 1 0 1 0 1 1 0
 0 1 0 1 0 0 0 0 1 1 0 1 0 0 1 1 1 1 1 0 1 1 0 1 0 1 1 1 0 1 1 1 1 0 1 1 0
 1 1 1 1 1 1 1 1 1 1 1 1 0]","[  0   5   7   8   9  10  13  14  16  17  18  19  20  21  23  24  27  28
  31  33  34  35  36  37  38  39  41  42  44  45  48  49  50  51  52  53
  54  57  61  62  63  65  67  68  69  70  72  74  76  77  78  83  84  87
  89  95  96  97  98 100 102 103 105 106 107 110 111 112 113 119 122 123
 124 125 126 127 128 131 133 135 136 137 139 141 142 143 144 145 146 147
 148 151 152 153 154 155 157 159 160 161 162 163 164 165 166 168 169 170
 174 175 177 180 183 185 186 188 189 190 191 194 196 197 199 200 202 205
 206 208 209 210 212 213 215 216 218 219 220 221 222 223 225 227 228 229
 231 234 236 237 238 239 241 242 243 245 248 249 250 252 255 257 258 260
 261 265 267 268 269 270 271 272 273 274 276 278 279 280 281 283 284 285
 286 287 289 291 292 294 296 297 300 301 302 303 306 307 308 309 310 311
 314 315 316 317 318 319 320 321 323 324 325 326 328 331 332 333 334 336
 337 338 339 340 341 343 344 345 346 348 349 350 354 356 357 360 363 365
 366 368 369 370 372 373 374 377 380 381 384 385 386 387 388 391 392 396
 397 399 401 402 403 404 406 407 408 411 412 413 417 418 420 421 423 425
 426 427 430 433 434 435 436 438 441 443 444 445 446 451 453 455 457 458
 459 460 461 462 463 464 466 468 469 470 471 472 474 475 476 477 478 479
 480 481 482 486 487 488 489 490 491 492 493 495 497 498 499 500 502 504
 505 508 510 511 514 515 517 518 520 521 522 523 525 526 528 529 531 533
 536 538 539 541 543 546 547 548 549 551 552 553 556 557 559 560 565 566
 569 570 571 573 575 576 577 578 579 580 583 584 585 586 587 589 590 591
 594 598 600 602 603 604 605 608 610 611 613 614 617 619 622 623 624 626
 627 628 635 636 637 639 640 641 642 643 646 647 649 650 651 652 653 654
 655 659 660 661 662 663 665 666 667 669 670 671 672 673 674 675 677 681
 682 683 684 686 687 689 690 691 693 696 698 700 701 704 706 711 712 714
 717 718 719 720 721 723 724 726 728 729 730 732 733 734 735 737 738 740
 741 742 743 744 745 746 747 748 749 750 751]",0.9736842105263158,23.498602867126465
3.5,"[1 1 1 0 1 1 0 0 0 1 1 1 0 0 0 0 1 1 1 1 1 1 1 1 1 1 1 1 0 0 0 1 1 1 0 1 1
 1 0 1 1 1 1 0 1 0 0 1 1 0 0 0 1 0 1 1 0 1 0 1 1 1 1 1 1 0 0 0 0 0 1 1 1 1
 1 1 0 1 1 0 1 1 1 1 1 1 1 1 1 1 1 1 1 1 1 1 0 0 1 0 1 0 1 1 0 1 1 1 1 1 1
 1 1 1 0 0 1 0 0 1 0 1 0 1 0 1 1 1 0 1 0 0 0 0 0 0 1 0 1 1 1 1 1 1 1 0 0 1
 0 0 1 1 1 1 0 0 1 1 1 0 1 0 1 0 1 1 1 1 1 0 1 0 1 1 1 1 1 1 1 0 1 0 0 1 1
 1 1 0 0 0 0 1 0 1 1 1 0 0 0 1 1 1 1 0 0 1 1 1 0 1 1 1 0 0 0 1 1 0 1 0 1 1
 1 1 0 0 1 1 1 0 1 0 0 1 1 1 1 1 0 1 1 1 1 1 0 1 1 1 1 1 1 1 1 0 1 1 0 1 1
 1 1 1 1 1 0 0 0 1 1 1 0 0 1 1 1 1 1 1 1 1 1 1 0 0 0 1 1 0 1 1 1 0 1 1 0 1
 0 0 0 0 1 0 1 1 0 1 1 1 1 1 1 1 1 1 1 0 1 1 1 0 1 0 0 1 1 1 1 1 1 1 1 1 1
 1 1 1 0 1 1 1 0 1 0 1 1 0 1 0 1 1 1 0 1 1 1 0 0 1 0 0 0 0 0 0 1 1 0 1 1 0
 1 0 1 1 1 1 1 1 1 0 0 1 1 0 1 1 1 1 0 0 0 1 1 0 1 1 1 0 1 1 1 1 1 1 0 1 1
 1 1 1 0 1 1 1 1 1 0 1 1 1 1 0 1 0 1 0 1 1 1 0 1 1 1 1 0 1 1 1 0 0 1 1 0 1
 1 1 1 0 1 0 1 0 0 1 0 1 1 1 1 1 0 1 1 1 1 1 1 1 0 0 1 1 1 1 0 1 1 1 1 1 0
 1 0 1 1 0 1 0 1 1 1 1 0 0 1 1 1 0 1 0 0 0 0 0 1 1 0 1 0 1 1 1 1 1 0 1 1 1
 1 1 1 0 1 0 1 1 0 1 1 0 1 1 1 1 1 0 0 1 0 1 1 0 0 0 1 1 0 1 1 0 1 0 1 1 0
 1 1 0 1 1 1 1 1 1 1 1 1 1 1 1 1 0 1 1 1 1 1 0 1 1 0 1 0 0 0 1 1 1 1 1 1 1
 1 1 1 1 0 0 1 1 1 1 1 1 1 0 1 1 1 1 1 1 0 1 1 0 0 1 0 0 1 1 0 0 1 1 1 0 1
 0 0 1 1 1 0 1 0 0 0 1 0 1 0 1 0 1 1 1 0 1 1 1 0 0 1 1 0 1 1 1 1 1 0 1 1 1
 1 1 0 1 0 0 1 0 1 0 1 1 0 1 0 1 1 1 0 1 1 1 0 1 0 0 0 1 1 0 1 0 1 1 0 1 1
 0 1 1 0 0 0 1 0 0 1 0 1 0 1 0 1 1 1 1 1 1 0 1 0 1 1 1 1 1 0 0 0 1 1 1 1 1
 1 0 1 1 0 1 0 0 1 1 1 0 1]","[  0   1   2   4   5   9  10  11  16  17  18  19  20  21  22  23  24  25
  26  27  31  32  33  35  36  37  39  40  41  42  44  47  48  52  54  55
  57  59  60  61  62  63  64  70  71  72  73  74  75  77  78  80  81  82
  83  84  85  86  87  88  89  90  91  92  93  94  95  98 100 102 103 105
 106 107 108 109 110 111 112 113 116 119 121 123 125 126 127 129 136 138
 139 140 141 142 143 144 147 150 151 152 153 156 157 158 160 162 164 165
 166 167 168 170 172 173 174 175 176 177 178 180 183 184 185 186 191 193
 194 195 199 200 201 202 205 206 207 209 210 211 215 216 218 220 221 222
 223 226 227 228 230 233 234 235 236 237 239 240 241 242 243 245 246 247
 248 249 250 251 252 254 255 257 258 259 260 261 262 263 267 268 269 272
 273 274 275 276 277 278 279 280 281 285 286 288 289 290 292 293 295 300
 302 303 305 306 307 308 309 310 311 312 313 314 316 317 318 320 323 324
 325 326 327 328 329 330 331 332 333 334 335 337 338 339 341 343 344 346
 348 349 350 352 353 354 357 364 365 367 368 370 372 373 374 375 376 377
 378 381 382 384 385 386 387 391 392 394 395 396 398 399 400 401 402 403
 405 406 407 408 409 411 412 413 414 415 417 418 419 420 422 424 426 427
 428 430 431 432 433 435 436 437 440 441 443 444 445 446 448 450 453 455
 456 457 458 459 461 462 463 464 465 466 467 470 471 472 473 475 476 477
 478 479 481 483 484 486 488 489 490 491 494 495 496 498 504 505 507 509
 510 511 512 513 515 516 517 518 519 520 522 524 525 527 528 530 531 532
 533 534 537 539 540 544 545 547 548 550 552 553 555 556 558 559 560 561
 562 563 564 565 566 567 568 569 570 572 573 574 575 576 578 579 581 585
 586 587 588 589 590 591 592 593 594 595 598 599 600 601 602 603 604 606
 607 608 609 610 611 613 614 617 620 621 624 625 626 628 631 632 633 635
 639 641 643 645 646 647 649 650 651 654 655 657 658 659 660 661 663 664
 665 666 667 669 672 674 676 677 679 681 682 683 685 686 687 689 693 694
 696 698 699 701 702 704 705 709 712 714 716 718 719 720 721 722 723 725
 727 728 729 730 731 735 736 737 738 739 740 742 743 745 748 749 750 752]",0.9605263157894737,19.116276025772095
4.0,"[1 0 1 0 0 1 0 1 1 1 0 1 1 0 1 0 0 0 1 0 0 0 0 1 0 1 1 1 1 1 0 0 1 1 0 0 0
 1 0 1 0 0 1 0 0 0 1 1 0 1 0 0 0 1 1 1 0 1 0 0 1 0 0 0 1 1 0 1 1 0 0 0 0 1
 1 1 1 0 0 0 1 1 0 1 1 1 1 0 1 0 0 1 1 0 0 0 0 0 0 1 1 0 0 1 0 0 0 1 0 0 0
 0 1 1 1 1 1 0 0 0 0 0 0 0 0 0 1 0 1 1 0 0 0 0 0 0 1 0 0 1 0 1 1 1 0 1 0 0
 1 1 0 1 0 0 1 1 0 0 1 0 1 0 1 0 1 1 1 1 0 1 0 0 0 0 0 0 0 0 1 0 1 1 0 0 0
 1 0 1 1 1 0 1 0 0 0 0 0 1 0 0 1 1 1 0 1 0 0 1 1 1 1 1 1 1 1 1 1 0 1 1 0 1
 0 1 0 0 0 1 1 0 0 1 0 1 1 0 1 0 1 1 0 0 1 1 1 0 1 0 1 1 0 0 1 1 0 0 1 0 0
 0 0 0 1 1 0 1 0 1 1 1 0 1 1 0 1 1 0 1 1 1 1 1 1 1 0 0 0 0 0 0 1 1 1 0 0 1
 1 0 1 1 0 1 0 0 0 0 1 1 0 0 1 0 0 0 0 0 0 1 1 0 0 0 1 1 0 1 1 1 1 1 1 1 1
 1 1 1 0 0 0 1 1 0 0 0 1 1 0 0 0 0 0 0 0 1 1 1 0 1 1 0 0 1 1 1 0 0 1 1 1 1
 1 0 0 1 0 1 0 0 0 0 1 1 1 0 1 1 0 0 1 0 0 0 1 0 1 0 1 1 0 1 1 1 0 1 1 1 0
 0 1 0 0 1 0 0 1 1 0 0 1 0 0 1 1 1 1 1 1 1 1 1 0 0 1 1 1 1 0 0 1 0 1 1 1 1
 1 0 1 1 1 1 1 0 1 0 0 0 0 1 0 1 0 0 1 0 0 1 0 0 1 0 0 0 0 1 0 1 0 1 0 0 0
 1 1 1 1 1 1 1 1 0 1 1 0 0 1 0 1 1 1 1 1 0 1 0 0 1 0 0 1 0 1 1 0 1 0 0 0 0
 0 1 1 1 1 1 1 1 0 1 1 0 0 0 0 1 0 0 1 1 0 0 1 1 0 1 0 0 1 1 1 1 0 0 1 1 1
 1 0 1 1 0 0 0 0 1 1 1 1 1 0 1 0 0 0 1 0 0 0 0 0 0 1 0 0 0 1 0 1 1 1 0 1 0
 1 0 1 1 1 1 0 0 0 0 1 0 0 0 1 1 0 1 1 1 0 0 0 0 0 1 1 0 0 1 0 1 1 0 1 0 0
 1 1 0 1 0 1 1 0 0 1 0 0 1 0 0 0 1 1 0 0 0 1 0 1 1 1 1 0 0 0 1 0 1 0 1 0 1
 0 0 1 1 1 0 0 1 0 0 1 1 0 1 1 1 1 0 1 0 0 0 0 1 1 0 1 0 1 1 0 1 0 1 1 0 1
 0 0 0 0 0 0 0 1 1 1 1 1 0 0 1 1 1 1 1 0 0 1 1 1 0 0 0 0 1 1 0 0 1 1 1 0 1
 0 1 1 0 0 0 1 1 0 0 1 0 0]","[  0   2   5   7   8   9  11  12  14  18  23  25  26  27  28  29  32  33
  37  39  42  46  47  49  53  54  55  57  60  64  65  67  68  73  74  75
  76  80  81  83  84  85  86  88  91  92  99 100 103 107 112 113 114 115
 116 126 128 129 136 139 141 142 143 145 148 149 151 154 155 158 160 162
 164 165 166 167 169 178 180 181 185 187 188 189 191 197 200 201 202 204
 207 208 209 210 211 212 213 214 215 216 218 219 221 223 227 228 231 233
 234 236 238 239 242 243 244 246 248 249 252 253 256 262 263 265 267 268
 269 271 272 274 275 277 278 279 280 281 282 283 290 291 292 295 296 298
 299 301 306 307 310 317 318 322 323 325 326 327 328 329 330 331 332 333
 334 335 339 340 344 345 353 354 355 357 358 361 362 363 366 367 368 369
 370 373 375 380 381 382 384 385 388 392 394 396 397 399 400 401 403 404
 405 408 411 414 415 418 421 422 423 424 425 426 427 428 429 432 433 434
 435 438 440 441 442 443 444 446 447 448 449 450 452 457 459 462 465 468
 473 475 477 481 482 483 484 485 486 487 488 490 491 494 496 497 498 499
 500 502 505 508 510 511 513 519 520 521 522 523 524 525 527 528 533 536
 537 540 541 543 546 547 548 549 552 553 554 555 557 558 563 564 565 566
 567 569 573 580 584 586 587 588 590 592 594 595 596 597 602 606 607 609
 610 611 617 618 621 623 624 626 629 630 632 634 635 638 641 645 646 650
 652 653 654 655 659 661 663 665 668 669 670 673 676 677 679 680 681 682
 684 689 690 692 694 695 697 699 700 702 710 711 712 713 714 717 718 719
 720 721 724 725 726 731 732 735 736 737 739 741 742 746 747 750]",0.9736842105263158,19.330416679382324
4.5,"[0 0 0 0 0 1 0 1 1 0 1 1 0 1 1 1 1 0 0 0 0 0 0 0 0 1 1 0 0 1 1 0 0 0 1 1 0
 1 0 1 1 0 1 0 1 0 0 1 0 1 0 0 1 0 1 0 1 1 0 0 0 1 1 0 0 1 0 1 0 0 0 0 0 0
 1 0 0 0 0 0 0 0 0 1 0 0 0 0 0 0 1 1 0 1 0 1 1 0 1 0 1 0 1 1 0 0 1 0 0 0 0
 1 0 1 1 0 1 1 1 0 0 1 0 0 1 0 1 0 0 0 0 1 0 0 0 1 0 1 1 1 1 0 0 1 1 0 0 1
 0 1 0 1 1 0 1 1 1 0 1 1 1 1 0 0 0 0 0 1 0 1 0 1 1 0 1 0 1 0 1 0 1 1 1 1 1
 0 0 0 0 0 1 1 1 0 0 1 0 0 0 1 0 1 0 1 1 1 1 0 1 0 1 0 0 0 1 0 0 0 0 1 1 1
 0 0 0 0 0 0 1 0 0 1 1 0 1 1 1 0 1 1 0 1 1 1 1 1 0 1 1 1 0 0 1 0 0 0 0 1 0
 0 1 1 0 0 1 0 0 0 0 0 1 1 1 0 0 0 0 0 1 1 0 0 1 1 0 1 1 1 1 0 0 0 1 1 0 0
 1 0 0 0 0 1 0 1 1 1 0 0 1 1 0 1 1 1 1 0 0 0 0 1 1 0 0 0 0 0 1 0 1 0 0 1 1
 1 1 1 1 0 1 0 1 0 1 0 0 1 1 1 1 0 1 1 0 1 1 1 1 1 0 0 0 1 1 0 0 0 1 0 1 0
 0 0 1 1 1 1 0 1 0 0 0 0 0 1 1 0 0 0 1 0 1 1 1 1 1 1 1 0 0 0 1 1 1 1 1 1 0
 1 1 0 1 0 0 0 1 1 0 0 0 0 1 0 1 1 0 1 0 1 0 0 0 0 1 1 0 1 0 0 0 1 1 1 1 1
 1 1 0 0 0 0 0 0 0 1 0 1 1 1 1 1 0 0 0 1 1 0 0 1 1 1 0 1 1 1 1 0 0 0 1 1 0
 0 1 0 0 0 0 1 1 1 0 0 1 1 0 0 1 0 1 0 1 0 0 0 0 1 0 0 1 0 0 1 0 1 1 1 0 0
 0 0 1 1 0 1 0 1 1 1 0 0 0 1 0 1 1 0 0 1 0 1 0 1 1 0 0 0 1 0 0 0 1 0 1 1 0
 0 1 1 0 0 1 1 1 1 0 0 0 1 0 0 0 0 1 1 0 1 0 0 1 0 1 0 0 0 1 0 1 1 1 0 1 0
 0 0 1 1 1 1 0 0 1 0 1 1 0 1 1 0 1 0 1 0 1 0 1 0 1 0 1 0 0 1 0 1 1 1 1 1 0
 1 0 0 1 0 0 1 0 1 0 0 0 1 0 1 1 0 0 0 1 1 1 0 1 1 0 0 0 1 1 0 1 0 0 0 1 0
 0 0 1 0 0 0 0 0 1 1 1 0 1 1 0 1 1 0 0 0 0 1 0 1 0 1 0 1 1 1 1 0 0 0 0 1 1
 1 0 1 1 1 0 1 1 0 1 0 1 1 0 0 1 1 1 0 0 1 0 0 0 1 0 1 0 0 1 0 1 1 1 1 1 1
 0 0 0 0 1 1 0 0 1 0 1 0 1]","[  5   7   8  10  11  13  14  15  16  25  26  29  30  34  35  37  39  40
  42  44  47  49  52  54  56  57  61  62  65  67  74  83  90  91  93  95
  96  98 100 102 103 106 111 113 114 116 117 118 121 124 126 131 135 137
 138 139 140 143 144 147 149 151 152 154 155 156 158 159 160 161 167 169
 171 172 174 176 178 180 181 182 183 184 190 191 192 195 199 201 203 204
 205 206 208 210 214 219 220 221 228 231 232 234 235 236 238 239 241 242
 243 244 245 247 248 249 252 257 260 261 264 270 271 272 278 279 282 283
 285 286 287 288 292 293 296 301 303 304 305 308 309 311 312 313 314 319
 320 326 328 331 332 333 334 335 336 338 340 342 345 346 347 348 350 351
 353 354 355 356 357 361 362 366 368 372 373 374 375 377 383 384 388 390
 391 392 393 394 395 396 400 401 402 403 404 405 407 408 410 414 415 420
 422 423 425 427 432 433 435 439 440 441 442 443 444 445 453 455 456 457
 458 459 463 464 467 468 469 471 472 473 474 478 479 482 487 488 489 492
 493 496 498 500 505 508 511 513 514 515 520 521 523 525 526 527 531 533
 534 537 539 541 542 546 550 552 553 556 557 560 561 562 563 567 572 573
 575 578 580 584 586 587 588 590 594 595 596 597 600 602 603 605 606 608
 610 612 614 616 618 621 623 624 625 626 627 629 632 635 637 641 643 644
 648 649 650 652 653 657 658 660 664 668 674 675 676 678 679 681 682 687
 689 691 693 694 695 696 701 702 703 705 706 707 709 710 712 714 715 718
 719 720 723 727 729 732 734 735 736 737 738 739 744 745 748 750 752]",0.9605263157894737,20.025691509246826
5.0,"[1 1 0 1 0 1 1 0 1 0 1 1 0 1 0 0 0 0 0 1 1 0 1 1 0 1 0 1 1 0 1 1 0 1 0 0 1
 1 0 0 0 1 1 0 0 1 1 0 1 1 0 1 1 0 0 1 0 0 0 1 0 1 0 0 1 0 0 1 1 1 0 0 0 0
 0 1 0 1 1 0 0 1 1 0 0 0 0 0 0 1 0 0 0 0 0 1 0 0 0 1 1 1 0 0 0 1 1 1 0 0 0
 0 1 0 1 1 1 0 0 1 1 0 0 1 1 0 0 1 1 1 1 0 0 1 0 1 0 0 1 0 1 0 1 1 0 0 0 0
 0 1 0 0 0 1 0 0 0 0 1 1 1 0 1 1 1 0 1 0 1 0 1 1 0 1 0 1 0 0 1 0 0 0 1 0 0
 1 0 0 0 1 0 1 0 1 1 1 1 1 1 0 0 0 1 1 0 0 1 0 0 0 1 0 1 1 0 0 1 1 1 1 1 0
 1 0 1 0 0 1 0 1 1 0 1 1 1 1 0 1 0 0 0 1 1 1 0 0 0 0 1 1 0 1 0 0 1 1 1 0 1
 1 1 1 0 0 0 1 0 0 0 1 0 0 0 0 1 0 1 1 0 1 0 1 1 1 0 0 0 0 0 1 0 0 1 0 0 1
 1 0 1 0 0 0 1 1 0 1 1 0 1 1 0 1 0 0 1 0 1 0 0 1 0 0 0 1 0 0 1 0 0 1 1 1 0
 1 0 0 1 0 0 1 0 1 0 1 1 0 0 1 1 0 1 0 0 0 1 1 0 0 1 1 1 1 0 1 0 0 1 0 1 1
 1 1 1 1 1 0 0 1 1 0 0 0 0 0 0 0 0 1 0 0 0 1 0 1 0 0 0 1 0 1 1 1 1 1 1 1 0
 1 0 0 1 1 1 1 1 1 0 1 0 1 1 1 1 0 1 0 1 1 0 1 1 1 1 0 0 0 1 1 1 1 0 1 0 1
 1 0 0 1 1 1 1 1 1 1 1 1 0 1 1 1 1 1 1 1 1 1 1 1 0 1 0 1 1 0 0 0 1 1 1 0 0
 0 1 0 1 0 0 0 0 0 0 1 0 0 1 1 0 0 1 1 0 1 0 1 1 0 0 0 1 1 1 1 0 0 0 1 1 0
 1 0 1 1 0 0 0 1 1 0 1 1 1 1 0 1 1 1 0 0 0 1 0 0 1 1 0 1 0 1 0 1 1 1 0 1 1
 0 0 0 0 1 0 0 0 0 0 1 0 0 1 0 0 1 0 1 0 1 1 0 0 1 0 0 0 1 1 0 0 1 0 1 0 0
 1 1 1 0 0 0 0 0 0 1 1 0 1 0 0 1 1 1 1 1 0 0 1 0 1 0 0 1 1 1 0 1 0 1 0 0 0
 0 0 1 0 0 0 0 0 0 1 0 1 0 0 0 1 0 0 1 1 0 0 0 0 1 1 0 1 1 0 0 1 0 1 0 0 0
 0 0 1 0 0 1 1 0 1 0 0 0 1 1 0 1 0 0 0 0 1 1 0 1 0 0 0 0 1 1 1 1 0 0 0 1 0
 0 0 0 0 1 1 0 0 0 0 1 0 0 0 1 1 0 0 1 0 0 0 0 0 0 0 1 1 1 1 1 1 1 1 0 0 0
 0 0 1 0 0 1 0 1 1 0 0 0 1]","[  0   1   3   5   6   8  10  11  13  19  20  22  23  25  27  28  30  31
  33  36  37  41  42  45  46  48  49  51  52  55  59  61  64  67  68  69
  75  77  78  81  82  89  95  99 100 101 105 106 107 112 114 115 116 119
 120 123 124 127 128 129 130 133 135 138 140 142 143 149 153 158 159 160
 162 163 164 166 168 170 171 173 175 178 182 185 189 191 193 194 195 196
 197 198 202 203 206 210 212 213 216 217 218 219 220 222 224 227 229 230
 232 233 234 235 237 241 242 243 248 249 251 254 255 256 258 259 260 261
 265 269 274 276 277 279 281 282 283 289 292 295 296 298 302 303 305 306
 308 309 311 314 316 319 323 326 329 330 331 333 336 339 341 343 344 347
 348 350 354 355 358 359 360 361 363 366 368 369 370 371 372 373 374 377
 378 387 391 393 397 399 400 401 402 403 404 405 407 410 411 412 413 414
 415 417 419 420 421 422 424 426 427 429 430 431 432 436 437 438 439 441
 443 444 447 448 449 450 451 452 453 454 455 457 458 459 460 461 462 463
 464 465 466 467 469 471 472 476 477 478 482 484 491 494 495 498 499 501
 503 504 508 509 510 511 515 516 518 520 521 525 526 528 529 530 531 533
 534 535 539 542 543 545 547 549 550 551 553 554 559 565 568 571 573 575
 576 579 583 584 587 589 592 593 594 601 602 604 607 608 609 610 611 614
 616 619 620 621 623 625 631 638 640 644 647 648 653 654 656 657 660 662
 668 671 672 674 678 679 681 686 687 689 694 695 696 697 701 707 708 713
 717 718 721 729 730 731 732 733 734 735 736 742 745 747 748 752]",0.9473684210526315,18.24934697151184
5.5,"[1 1 0 0 0 1 1 0 1 1 0 1 1 0 1 0 1 1 1 0 0 0 0 1 0 0 0 1 1 1 0 1 0 1 1 0 1
 1 1 1 0 1 1 1 1 1 1 1 1 1 1 1 1 0 0 1 0 1 1 0 1 0 1 0 1 1 1 0 0 1 0 0 1 1
 1 0 0 1 1 1 1 0 1 1 1 1 0 1 0 1 0 0 1 1 1 1 1 1 1 1 0 1 0 1 0 1 1 1 0 1 1
 1 1 1 0 1 0 1 0 0 1 0 1 1 1 1 1 1 1 1 0 1 0 1 1 0 1 1 1 1 1 1 0 1 0 1 0 1
 0 0 1 0 1 1 1 1 1 1 1 0 0 1 0 1 0 0 0 0 0 1 1 0 1 1 0 1 0 1 1 1 1 1 1 1 1
 1 1 0 0 1 0 1 1 1 1 0 0 1 1 1 0 0 1 1 1 1 1 1 1 1 1 1 1 1 1 1 0 1 1 0 0 0
 0 0 1 1 0 0 0 1 0 0 0 1 1 1 0 0 1 1 1 0 1 1 0 1 0 1 0 1 1 1 1 1 1 0 0 1 1
 0 1 1 0 1 0 1 0 1 1 1 0 0 0 1 1 1 1 0 0 1 0 1 0 0 1 1 0 1 0 1 0 0 0 1 1 1
 0 1 1 0 1 1 1 1 0 1 0 0 0 1 1 1 0 1 0 1 0 0 1 1 0 0 1 0 0 1 1 1 0 1 0 0 0
 1 1 1 0 1 1 0 0 1 1 1 1 1 1 1 0 1 1 0 1 1 1 0 0 1 1 0 1 0 1 1 1 0 1 0 1 0
 0 1 1 1 1 0 1 0 0 0 1 1 0 1 0 1 0 1 1 0 0 1 1 1 1 1 1 1 1 1 0 0 1 0 0 0 0
 0 1 1 0 0 1 1 0 0 1 0 0 0 1 1 1 0 0 1 1 1 1 0 1 1 1 1 0 1 1 1 1 0 1 1 1 1
 1 1 1 0 1 0 1 0 0 1 0 1 1 1 0 0 1 1 1 0 1 1 1 0 1 0 0 1 1 1 0 1 0 1 0 1 1
 1 1 1 0 1 0 0 0 1 0 0 1 1 0 1 0 0 0 1 1 0 1 1 0 0 1 1 0 1 0 1 0 1 1 0 0 0
 1 1 1 1 0 1 1 0 1 0 1 1 0 0 0 0 1 0 0 0 1 0 1 1 0 0 0 1 1 0 1 1 0 1 1 1 1
 0 0 1 0 1 1 1 0 1 1 0 1 1 1 1 1 0 0 0 1 1 1 1 0 0 1 1 0 1 0 1 0 1 1 1 0 1
 0 1 1 1 1 0 0 0 1 1 0 1 1 1 0 0 0 0 1 0 0 0 1 0 1 1 0 0 1 0 0 1 1 1 1 0 1
 0 1 1 0 1 1 1 1 1 1 1 1 1 1 1 1 1 1 1 1 1 1 1 0 0 0 0 1 1 0 1 1 0 0 0 0 0
 0 1 0 1 1 0 0 1 1 1 1 0 1 1 0 1 1 1 0 0 0 1 0 1 0 0 1 0 0 1 1 0 1 0 1 0 1
 0 1 1 1 1 0 0 0 0 0 1 0 0 1 1 1 0 1 1 1 0 0 1 1 1 0 1 0 1 1 0 1 1 0 1 0 1
 1 1 1 0 0 0 1 0 1 0 1 0 0]","[  0   1   5   6   8   9  11  12  14  16  17  18  23  27  28  29  31  33
  34  36  37  38  39  41  42  43  44  45  46  47  48  49  50  51  52  55
  57  58  60  62  64  65  66  69  72  73  74  77  78  79  80  82  83  84
  85  87  89  92  93  94  95  96  97  98  99 101 103 105 106 107 109 110
 111 112 113 115 117 120 122 123 124 125 126 127 128 129 131 133 134 136
 137 138 139 140 141 143 145 147 150 152 153 154 155 156 157 158 161 163
 169 170 172 173 175 177 178 179 180 181 182 183 184 185 186 189 191 192
 193 194 197 198 199 202 203 204 205 206 207 208 209 210 211 212 213 214
 215 217 218 224 225 229 233 234 235 238 239 240 242 243 245 247 249 250
 251 252 253 254 257 258 260 261 263 265 267 268 269 273 274 275 276 279
 281 284 285 287 289 293 294 295 297 298 300 301 302 303 305 309 310 311
 313 315 318 319 322 325 326 327 329 333 334 335 337 338 341 342 343 344
 345 346 347 349 350 352 353 354 357 358 360 362 363 364 366 368 371 372
 373 374 376 380 381 383 385 387 388 391 392 393 394 395 396 397 398 399
 402 408 409 412 413 416 420 421 422 425 426 427 428 430 431 432 433 435
 436 437 438 440 441 442 443 444 445 446 448 450 453 455 456 457 460 461
 462 464 465 466 468 471 472 473 475 477 479 480 481 482 483 485 489 492
 493 495 499 500 502 503 506 507 509 511 513 514 518 519 520 521 523 524
 526 528 529 534 538 540 541 545 546 548 549 551 552 553 554 557 559 560
 561 563 564 566 567 568 569 570 574 575 576 577 580 581 583 585 587 588
 589 591 593 594 595 596 600 601 603 604 605 610 614 616 617 620 623 624
 625 626 628 630 631 633 634 635 636 637 638 639 640 641 642 643 644 645
 646 647 648 649 650 651 656 657 659 660 667 669 670 673 674 675 676 678
 679 681 682 683 687 689 692 695 696 698 700 702 704 705 706 707 713 716
 717 718 720 721 722 725 726 727 729 731 732 734 735 737 739 740 741 742
 746 748 750]",0.9473684210526315,24.367950916290283
6.0,"[1 1 1 1 0 1 1 1 1 0 1 1 1 1 1 0 0 1 0 0 0 1 0 1 0 1 0 1 0 0 1 0 1 0 0 0 0
 1 1 0 0 0 0 1 1 0 1 0 0 0 0 1 1 1 1 0 0 1 0 1 1 1 1 0 1 1 1 0 0 1 0 0 1 1
 0 1 0 1 0 1 0 0 1 1 0 1 1 0 0 1 0 1 1 1 1 1 0 0 1 0 0 0 0 1 1 0 0 0 0 0 0
 1 1 0 1 0 0 0 0 0 1 1 0 1 0 0 1 1 1 0 0 0 0 0 0 0 0 0 0 1 0 1 1 0 0 1 0 0
 0 0 0 1 0 0 1 0 0 1 1 1 0 1 1 0 1 0 0 0 0 0 0 1 0 1 0 0 1 1 0 1 1 0 1 0 0
 1 0 1 1 0 1 1 1 1 1 1 1 0 1 0 0 0 0 1 1 0 0 0 1 1 0 0 0 0 1 1 1 0 0 1 0 0
 1 0 0 1 0 0 0 0 0 1 1 1 0 1 0 0 0 1 1 1 1 1 1 0 1 1 1 0 0 1 0 0 0 0 1 0 1
 0 0 1 1 1 0 1 0 1 0 1 1 0 0 0 1 0 0 0 0 1 0 0 1 0 1 1 0 1 0 0 1 0 1 0 0 1
 1 0 1 0 1 1 0 0 1 1 0 1 1 0 0 0 0 0 0 1 0 1 0 0 0 1 0 1 0 1 1 1 1 0 0 1 1
 0 1 1 1 1 0 1 0 0 1 1 1 1 0 1 0 0 0 0 1 1 0 1 0 1 0 1 1 1 0 1 1 1 0 1 1 1
 0 0 1 0 0 1 1 1 0 0 0 0 0 1 0 1 0 1 1 1 0 1 1 1 0 0 1 0 1 1 0 0 0 1 0 0 0
 0 1 1 0 1 1 1 1 1 1 0 1 0 1 0 0 1 0 0 1 1 0 0 0 0 1 0 0 1 0 0 0 0 0 0 1 1
 1 0 1 1 0 0 0 1 0 0 1 0 1 0 0 0 0 1 1 0 1 0 0 1 1 1 0 1 1 0 1 1 0 1 0 0 1
 0 1 0 1 1 1 0 1 0 0 1 1 0 1 1 0 0 0 1 0 0 0 0 1 0 0 0 1 1 0 0 1 1 0 0 0 1
 1 1 0 1 0 1 1 0 1 0 0 1 1 1 1 1 1 0 1 0 0 1 0 1 0 0 0 1 1 0 0 1 1 0 0 0 1
 1 0 0 1 1 0 0 0 1 1 0 0 1 1 1 1 1 1 1 1 0 0 0 1 1 1 0 0 0 1 1 1 0 1 0 1 0
 1 0 1 1 0 0 1 1 1 1 0 0 1 0 1 1 0 0 1 1 0 1 0 0 1 1 1 0 1 0 0 0 0 1 0 0 0
 1 1 1 1 1 1 0 1 0 0 0 1 0 0 1 1 0 0 0 0 0 1 1 1 1 1 0 1 0 1 1 1 0 0 0 1 1
 0 0 1 1 0 0 1 0 0 0 1 0 1 0 1 1 0 0 1 0 0 0 0 1 1 1 1 0 1 1 0 1 1 1 0 0 1
 1 1 0 0 0 0 0 1 0 0 0 1 1 0 1 0 0 0 0 1 1 0 1 1 0 1 1 0 0 1 0 1 1 1 1 0 1
 0 0 1 1 0 0 1 1 0 1 1 1 0]","[  0   1   2   3   5   6   7   8  10  11  12  13  14  17  21  23  25  27
  30  32  37  38  43  44  46  51  52  53  54  57  59  60  61  62  64  65
  66  69  72  73  75  77  79  82  83  85  86  89  91  92  93  94  95  98
 103 104 111 112 114 120 121 123 126 127 128 139 141 142 145 151 154 157
 158 159 161 162 164 171 173 176 177 179 180 182 185 187 188 190 191 192
 193 194 195 196 198 203 204 208 209 214 215 216 219 222 225 231 232 233
 235 239 240 241 242 243 244 246 247 248 251 256 258 261 262 263 265 267
 269 270 274 279 282 284 285 287 290 292 295 296 298 300 301 304 305 307
 308 315 317 321 323 325 326 327 328 331 332 334 335 336 337 339 342 343
 344 345 347 352 353 355 357 359 360 361 363 364 365 367 368 369 372 375
 376 377 383 385 387 388 389 391 392 393 396 398 399 403 408 409 411 412
 413 414 415 416 418 420 423 426 427 432 435 442 443 444 446 447 451 454
 456 461 462 464 467 468 469 471 472 474 475 477 480 482 484 485 486 488
 491 492 494 495 499 504 508 509 512 513 517 518 519 521 523 524 526 529
 530 531 532 533 534 536 539 541 545 546 549 550 554 555 558 559 563 564
 567 568 569 570 571 572 573 574 578 579 580 584 585 586 588 590 592 594
 595 598 599 600 601 604 606 607 610 611 613 616 617 618 620 625 629 630
 631 632 633 634 636 640 643 644 650 651 652 653 654 656 658 659 660 664
 665 668 669 672 676 678 680 681 684 689 690 691 692 694 695 697 698 699
 702 703 704 710 714 715 717 722 723 725 726 728 729 732 734 735 736 737
 739 742 743 746 747 749 750 751]",1.0,18.198587656021118
6.5,"[1 0 0 1 1 0 0 0 1 0 0 0 1 0 0 1 0 0 1 0 1 1 0 1 1 1 0 1 0 1 1 1 0 1 1 1 0
 0 1 1 1 0 0 0 1 1 1 0 1 1 0 1 0 0 0 0 0 0 0 1 1 1 1 0 1 1 0 1 1 0 0 1 0 1
 0 1 1 1 1 1 0 0 1 0 0 1 0 0 1 0 1 0 0 0 0 0 0 0 0 1 1 1 1 0 0 1 1 0 1 0 0
 1 1 0 0 0 1 0 1 0 1 0 1 0 1 0 1 0 0 0 0 1 1 1 1 0 1 0 1 1 0 0 1 1 1 0 0 1
 0 0 1 1 0 1 1 0 0 1 0 1 0 0 0 0 1 0 1 0 0 0 0 0 0 1 1 0 1 1 1 1 0 1 0 0 1
 0 1 0 0 0 1 0 0 1 0 1 0 0 0 0 0 0 0 1 1 1 1 0 0 0 0 0 1 1 0 1 1 1 1 1 1 0
 0 1 1 0 1 1 0 0 0 1 0 1 0 0 1 1 1 1 1 0 0 1 0 0 1 0 1 0 1 1 0 1 0 0 0 1 0
 0 1 0 0 0 1 0 0 1 0 0 0 0 0 1 1 0 1 0 1 1 0 0 1 0 0 1 0 1 0 1 1 1 0 0 0 0
 0 1 0 1 0 1 1 1 1 1 0 1 1 1 0 0 1 1 1 0 1 0 1 1 1 1 0 0 1 0 1 0 0 1 1 1 1
 1 1 1 0 0 0 0 1 0 0 1 0 1 1 0 1 0 1 0 1 1 0 0 0 0 1 0 0 1 1 1 0 0 0 1 0 0
 0 1 1 0 0 1 0 1 1 1 1 1 1 1 1 0 0 1 0 0 0 0 1 0 0 0 1 0 1 0 1 0 1 0 0 0 1
 0 0 0 0 1 1 0 0 1 0 1 1 0 1 1 1 1 1 0 1 1 0 0 0 0 1 1 1 1 1 1 0 1 1 0 0 0
 1 1 1 1 0 0 0 0 1 1 1 1 1 0 0 0 1 0 1 0 0 1 1 0 1 1 0 0 1 1 1 1 1 1 1 0 0
 0 0 1 1 0 1 1 1 1 0 0 0 0 1 1 0 0 1 1 0 0 1 1 1 1 0 1 0 1 1 1 1 1 0 0 0 0
 0 0 1 1 1 0 0 1 1 1 0 1 0 0 0 0 1 1 1 0 0 1 1 0 0 0 0 0 1 0 1 1 1 1 1 1 0
 0 0 1 1 0 1 1 0 1 1 0 1 0 0 1 1 1 0 1 1 1 0 1 0 0 1 0 1 0 0 0 0 0 1 1 0 0
 0 0 0 0 0 1 0 0 0 0 0 0 1 1 1 0 1 1 0 0 1 1 0 0 1 1 0 1 0 0 1 1 0 1 1 0 0
 0 1 1 0 1 1 0 0 1 0 0 1 1 1 1 0 0 1 0 0 1 0 0 1 1 0 1 0 0 0 1 0 1 0 1 1 1
 1 0 0 1 1 0 0 0 0 1 1 0 0 1 1 0 0 1 1 1 1 1 0 1 0 1 0 1 1 0 1 0 1 1 0 0 1
 0 0 0 0 0 1 1 1 0 1 0 0 1 1 1 0 0 0 1 0 0 1 1 0 1 0 1 1 0 1 0 1 0 0 1 1 0
 1 0 0 1 1 0 1 1 0 0 1 1 1]","[  0   3   4   8  12  15  18  20  21  23  24  25  27  29  30  31  33  34
  35  38  39  40  44  45  46  48  49  51  59  60  61  62  64  65  67  68
  71  73  75  76  77  78  79  82  85  88  90  99 100 101 102 105 106 108
 111 112 116 118 120 122 124 126 131 132 133 134 136 138 139 142 143 144
 147 150 151 153 154 157 159 164 166 173 174 176 177 178 179 181 184 186
 190 193 195 203 204 205 206 212 213 215 216 217 218 219 220 223 224 226
 227 231 233 236 237 238 239 240 243 246 248 250 251 253 257 260 264 267
 273 274 276 278 279 282 285 287 289 290 291 297 299 301 302 303 304 305
 307 308 309 312 313 314 316 318 319 320 321 324 326 329 330 331 332 333
 334 335 340 343 345 346 348 350 352 353 358 361 362 363 367 371 372 375
 377 378 379 380 381 382 383 384 387 392 396 398 400 402 406 411 412 415
 417 418 420 421 422 423 424 426 427 432 433 434 435 436 437 439 440 444
 445 446 447 452 453 454 455 456 460 462 465 466 468 469 472 473 474 475
 476 477 478 483 484 486 487 488 489 494 495 498 499 502 503 504 505 507
 509 510 511 512 513 520 521 522 525 526 527 529 534 535 536 539 540 546
 548 549 550 551 552 553 557 558 560 561 563 564 566 569 570 571 573 574
 575 577 580 582 588 589 597 604 605 606 608 609 612 613 616 617 619 622
 623 625 626 630 631 633 634 637 640 641 642 643 646 649 652 653 655 659
 661 663 664 665 666 669 670 675 676 679 680 683 684 685 686 687 689 691
 693 694 696 698 699 702 708 709 710 712 715 716 717 721 724 725 727 729
 730 732 734 737 738 740 743 744 746 747 750 751 752]",0.9736842105263158,19.40595006942749
7.0,"[1 1 0 0 1 1 0 1 1 1 0 1 1 0 1 1 1 1 1 1 0 1 1 1 1 1 1 1 1 1 0 0 0 0 0 0 0
 0 1 0 0 1 1 1 1 0 1 0 1 1 1 0 1 1 0 0 0 0 1 1 1 1 1 0 1 0 0 0 1 0 0 0 1 0
 0 0 1 0 0 0 1 0 1 1 0 1 1 0 1 0 0 1 1 0 1 0 1 1 1 0 1 1 0 0 0 1 0 1 1 1 0
 0 1 1 1 0 1 1 0 1 0 0 1 1 1 0 1 1 1 1 0 0 1 1 0 0 0 0 1 0 1 1 1 0 1 0 0 0
 1 0 1 0 0 1 0 0 0 0 1 0 0 1 1 1 0 1 1 0 1 1 0 0 1 0 1 0 1 0 1 1 1 1 1 0 1
 1 0 1 1 1 1 1 1 0 0 1 0 0 0 1 0 0 0 1 1 1 1 1 1 0 1 0 1 0 0 0 0 0 1 0 1 0
 1 1 0 0 1 1 0 0 1 0 1 1 1 0 1 1 0 0 1 1 1 1 0 0 1 0 0 0 0 0 0 1 1 1 0 1 0
 0 0 1 1 1 1 0 0 0 1 1 0 0 0 1 0 1 0 1 1 1 0 1 1 0 1 1 1 0 0 1 0 1 0 1 0 0
 1 0 1 1 0 1 0 1 1 1 1 1 0 1 1 0 1 0 1 1 0 1 1 1 0 1 1 1 1 1 1 1 0 1 0 0 0
 0 1 1 1 1 0 0 1 0 0 1 0 1 1 1 1 1 0 0 0 1 0 1 1 0 0 0 0 0 0 0 1 0 1 0 0 0
 0 1 0 0 0 0 0 0 1 1 1 0 1 1 0 1 1 0 1 0 0 0 0 0 1 0 1 1 1 0 0 1 0 0 0 0 1
 0 1 0 0 0 1 1 0 1 0 0 1 0 0 0 0 1 0 0 0 0 1 1 1 0 1 0 1 0 0 1 0 1 0 0 1 1
 0 0 0 1 1 1 0 1 1 1 0 0 0 1 1 0 1 0 0 0 1 1 1 1 0 0 1 0 0 0 0 1 1 1 1 1 1
 1 1 0 0 0 0 0 0 1 0 1 0 1 0 0 0 0 0 0 1 0 1 1 0 0 0 0 1 0 0 1 1 0 1 1 0 0
 0 1 1 0 1 0 0 0 1 1 0 0 0 1 0 0 1 0 1 0 1 0 1 0 0 1 0 1 1 0 1 0 0 1 1 0 0
 0 0 1 0 0 1 0 1 1 1 1 0 0 1 1 0 1 1 1 0 1 0 1 1 0 0 0 0 0 1 1 0 0 1 0 1 0
 1 0 0 1 1 0 1 0 0 1 1 0 0 1 0 0 0 0 0 1 0 0 1 1 0 1 0 1 1 0 1 0 0 1 1 0 1
 0 1 0 0 0 1 1 0 1 0 0 1 1 0 0 0 1 0 0 0 0 1 0 1 0 0 0 0 0 1 0 0 0 0 0 0 0
 1 0 0 1 1 0 0 0 1 0 0 1 0 1 0 1 1 0 1 0 0 0 1 1 1 1 1 1 1 1 1 1 0 1 1 0 0
 0 1 0 0 1 0 1 1 0 1 1 0 0 1 1 0 1 0 1 0 1 1 0 1 0 1 1 0 0 1 0 0 0 1 1 0 1
 1 1 1 1 0 0 1 1 0 1 1 0 0]","[  0   1   4   5   7   8   9  11  12  14  15  16  17  18  19  21  22  23
  24  25  26  27  28  29  38  41  42  43  44  46  48  49  50  52  53  58
  59  60  61  62  64  68  72  76  80  82  83  85  86  88  91  92  94  96
  97  98 100 101 105 107 108 109 112 113 114 116 117 119 122 123 124 126
 127 128 129 132 133 138 140 141 142 144 148 150 153 158 161 162 163 165
 166 168 169 172 174 176 178 179 180 181 182 184 185 187 188 189 190 191
 192 195 199 203 204 205 206 207 208 210 212 218 220 222 223 226 227 230
 232 233 234 236 237 240 241 242 243 246 253 254 255 257 261 262 263 264
 268 269 273 275 277 278 279 281 282 284 285 286 289 291 293 296 298 299
 301 303 304 305 306 307 309 310 312 314 315 317 318 319 321 322 323 324
 325 326 327 329 334 335 336 337 340 343 345 346 347 348 349 353 355 356
 364 366 371 378 379 380 382 383 385 386 388 394 396 397 398 401 406 408
 412 413 415 418 423 428 429 430 432 434 437 439 442 443 447 448 449 451
 452 453 457 458 460 464 465 466 467 470 475 476 477 478 479 480 481 482
 489 491 493 500 502 503 508 511 512 514 515 519 520 522 526 527 531 534
 536 538 540 543 545 546 548 551 552 557 560 562 563 564 565 568 569 571
 572 573 575 577 578 584 585 588 590 592 595 596 598 601 602 605 611 614
 615 617 619 620 622 625 626 628 630 634 635 637 640 641 645 650 652 658
 666 669 670 674 677 679 681 682 684 688 689 690 691 692 693 694 695 696
 697 699 700 704 707 709 710 712 713 716 717 719 721 723 724 726 728 729
 732 736 737 739 740 741 742 743 746 747 749 750]",0.9605263157894737,19.04409408569336
7.5,"[1 0 1 1 0 0 0 1 0 0 1 1 1 1 0 0 0 1 1 1 0 1 1 1 1 0 0 0 0 0 1 0 0 0 1 0 0
 1 1 1 1 0 1 1 1 1 0 0 0 0 1 1 0 1 1 1 1 0 0 1 1 1 1 1 1 0 0 0 1 0 0 0 1 1
 1 1 1 0 1 1 1 0 1 1 0 0 0 1 1 1 1 1 0 1 1 1 1 0 1 1 1 1 1 1 1 1 0 0 0 0 1
 1 0 1 0 1 1 1 1 0 0 1 1 0 0 0 1 1 0 0 0 1 1 0 0 1 1 0 1 1 1 1 1 0 0 0 1 1
 1 0 0 1 0 1 1 0 1 1 1 1 1 0 1 1 0 1 0 0 1 0 1 0 0 1 1 1 1 1 0 0 1 0 0 0 0
 1 1 1 1 1 1 1 1 1 1 0 1 1 0 1 0 0 1 0 1 1 0 0 1 1 1 1 0 0 0 0 1 0 0 1 1 1
 0 1 1 0 0 0 1 1 0 1 0 0 1 0 0 1 0 0 1 1 1 0 0 1 0 1 0 1 1 1 0 0 1 1 0 0 1
 1 1 1 1 0 1 0 0 1 1 1 0 0 0 1 1 1 1 1 1 1 1 1 1 0 1 0 1 0 1 1 0 0 0 0 1 0
 0 1 1 1 0 1 1 0 0 0 1 0 1 0 1 1 1 1 1 1 1 1 1 1 1 1 0 0 1 0 1 1 1 1 0 1 1
 1 0 1 1 0 0 1 0 0 1 0 1 0 1 1 1 0 1 1 0 0 1 1 1 1 0 1 0 1 1 1 1 1 1 1 0 1
 0 1 0 0 1 0 0 0 1 1 0 0 1 0 0 0 1 1 0 0 1 0 0 1 0 0 1 1 0 1 1 1 0 1 1 1 0
 0 0 1 0 0 1 1 1 1 0 0 1 1 0 0 0 1 1 1 1 1 0 1 1 1 0 1 1 0 1 0 0 1 1 1 1 1
 0 0 1 1 1 0 0 1 1 0 0 1 1 1 0 1 1 1 1 1 0 1 1 1 1 1 0 1 0 1 1 1 1 1 1 0 0
 1 1 1 1 0 1 1 0 0 1 1 1 0 1 1 0 1 1 1 0 1 1 1 1 1 1 1 1 0 1 0 1 1 1 0 1 1
 0 0 1 1 0 0 0 1 0 1 1 0 0 1 1 1 0 0 1 1 1 0 0 1 1 1 0 0 1 1 1 1 1 0 0 0 0
 1 1 0 1 1 0 1 1 0 0 1 0 0 1 0 1 1 1 1 0 0 0 0 1 1 1 1 1 1 0 1 0 1 0 1 0 1
 1 1 1 1 1 1 0 1 0 0 1 0 1 1 1 0 0 1 0 0 1 1 1 1 0 1 1 0 0 1 0 0 1 0 0 1 1
 0 0 0 1 1 1 1 0 1 1 1 0 1 0 0 1 1 0 0 0 1 1 1 1 1 0 1 1 1 0 1 1 1 1 1 1 1
 0 1 0 1 1 1 0 0 0 1 0 1 0 0 0 1 1 0 0 1 0 0 0 1 1 0 1 0 1 0 1 1 1 1 0 1 0
 1 1 0 1 0 0 0 1 1 1 1 1 1 1 0 1 1 1 1 1 1 1 1 1 1 0 0 0 0 1 0 0 1 1 1 1 1
 0 0 0 0 0 1 0 1 1 1 0 0 0]","[  0   2   3   7  10  11  12  13  17  18  19  21  22  23  24  30  34  37
  38  39  40  42  43  44  45  50  51  53  54  55  56  59  60  61  62  63
  64  68  72  73  74  75  76  78  79  80  82  83  87  88  89  90  91  93
  94  95  96  98  99 100 101 102 103 104 105 110 111 113 115 116 117 118
 121 122 126 127 131 132 135 136 138 139 140 141 142 146 147 148 151 153
 154 156 157 158 159 160 162 163 165 168 170 173 174 175 176 177 180 185
 186 187 188 189 190 191 192 193 194 196 197 199 202 204 205 208 209 210
 211 216 219 220 221 223 224 228 229 231 234 237 240 241 242 245 247 249
 250 251 254 255 258 259 260 261 262 264 267 268 269 273 274 275 276 277
 278 279 280 281 282 284 286 288 289 294 297 298 299 301 302 306 308 310
 311 312 313 314 315 316 317 318 319 320 321 324 326 327 328 329 331 332
 333 335 336 339 342 344 346 347 348 350 351 354 355 356 357 359 361 362
 363 364 365 366 367 369 371 374 378 379 382 386 387 390 393 396 397 399
 400 401 403 404 405 409 412 413 414 415 418 419 423 424 425 426 427 429
 430 431 433 434 436 439 440 441 442 443 446 447 448 451 452 455 456 457
 459 460 461 462 463 465 466 467 468 469 471 473 474 475 476 477 478 481
 482 483 484 486 487 490 491 492 494 495 497 498 499 501 502 503 504 505
 506 507 508 510 512 513 514 516 517 520 521 525 527 528 531 532 533 536
 537 538 541 542 543 546 547 548 549 550 555 556 558 559 561 562 565 568
 570 571 572 573 578 579 580 581 582 583 585 587 589 591 592 593 594 595
 596 597 599 602 604 605 606 609 612 613 614 615 617 618 621 624 627 628
 632 633 634 635 637 638 639 641 644 645 649 650 651 652 653 655 656 657
 659 660 661 662 663 664 665 667 669 670 671 675 677 681 682 685 689 690
 692 694 696 697 698 699 701 703 704 706 710 711 712 713 714 715 716 718
 719 720 721 722 723 724 725 726 727 732 735 736 737 738 739 745 747 748
 749]",0.9736842105263158,20.451022624969482
8.0,"[1 0 1 1 0 1 1 0 0 1 1 0 0 1 1 0 1 1 0 0 0 1 0 0 0 0 0 0 1 0 1 0 0 0 0 0 0
 1 0 0 1 0 0 1 1 1 1 1 0 1 1 1 0 1 0 0 1 0 1 1 0 1 1 0 0 0 1 1 1 0 0 1 0 1
 0 1 1 0 0 1 0 0 0 0 0 0 0 1 1 0 0 1 0 1 0 1 1 1 1 0 0 0 0 1 0 1 0 0 1 0 0
 0 1 1 0 0 0 1 1 1 1 1 0 0 0 1 0 1 1 1 1 1 0 0 1 0 0 0 0 1 1 1 0 1 1 1 0 0
 1 0 1 1 0 0 0 0 0 1 0 1 0 0 1 0 1 1 0 1 1 1 0 0 0 1 1 1 0 1 0 1 1 0 1 1 1
 0 0 0 1 1 0 1 0 0 1 0 1 0 1 1 0 0 1 0 1 0 1 1 0 0 1 0 0 0 1 1 0 1 1 0 1 0
 0 0 0 0 1 0 0 1 1 0 1 1 1 1 0 0 1 0 1 1 1 0 0 0 0 0 0 1 1 0 0 1 1 1 0 1 0
 0 0 0 0 1 1 1 0 0 0 0 0 1 1 0 1 0 1 0 0 0 0 0 1 0 1 1 1 1 1 1 1 1 1 0 1 1
 0 0 1 1 1 1 0 1 1 1 0 0 0 1 1 1 0 0 0 1 1 0 0 1 0 0 1 0 1 1 0 0 0 0 0 1 1
 1 0 1 1 0 0 0 1 1 0 0 0 0 0 1 0 1 1 0 0 0 1 1 1 0 0 1 0 1 1 1 1 1 1 0 0 0
 0 0 0 0 0 1 1 1 0 1 0 1 0 1 1 0 0 0 0 0 0 1 0 1 1 1 1 1 1 0 1 0 1 0 0 1 1
 0 0 1 0 0 0 1 1 1 0 1 0 1 1 1 0 0 0 1 0 0 1 0 1 1 0 0 1 1 0 1 1 0 1 1 1 1
 1 0 0 0 1 1 1 1 0 1 0 0 0 0 0 0 1 0 1 1 1 1 1 1 0 1 0 0 0 0 0 0 1 1 1 0 1
 0 1 1 1 1 1 1 0 0 0 1 0 1 1 0 1 0 0 0 0 0 0 0 1 1 1 1 1 1 0 1 1 1 0 0 1 0
 1 1 1 0 1 0 1 1 1 1 1 1 1 0 1 0 0 0 1 1 0 1 0 0 1 1 0 1 0 1 0 1 1 0 0 1 0
 1 1 0 1 0 0 0 0 1 1 1 1 1 1 0 0 0 1 1 0 1 0 1 0 0 0 1 1 0 0 0 0 1 1 1 1 1
 0 0 0 0 0 0 1 1 0 1 1 1 0 0 0 0 0 1 0 0 1 1 1 0 0 1 1 1 1 1 0 1 1 0 0 1 0
 1 1 1 0 0 0 0 0 1 0 1 1 1 1 1 1 1 1 0 1 1 1 0 1 1 1 0 1 0 1 0 0 0 1 0 0 1
 1 1 0 0 1 0 0 0 0 1 0 0 0 0 1 0 1 0 0 0 1 1 0 0 1 0 0 1 1 0 1 0 0 0 0 1 0
 1 1 0 1 0 1 0 0 0 0 1 1 0 1 1 1 1 1 0 1 1 1 0 0 0 0 0 0 1 1 0 0 0 0 0 1 0
 0 1 0 1 1 0 0 0 0 1 0 1 1]","[  0   2   3   5   6   9  10  13  14  16  17  21  28  30  37  40  43  44
  45  46  47  49  50  51  53  56  58  59  61  62  66  67  68  71  73  75
  76  79  87  88  91  93  95  96  97  98 103 105 108 112 113 117 118 119
 120 121 125 127 128 129 130 131 134 139 140 141 143 144 145 148 150 151
 157 159 162 164 165 167 168 169 173 174 175 177 179 180 182 183 184 188
 189 191 194 196 198 199 202 204 206 207 210 214 215 217 218 220 226 229
 230 232 233 234 235 238 240 241 242 249 250 253 254 255 257 263 264 265
 271 272 274 276 282 284 285 286 287 288 289 290 291 292 294 295 298 299
 300 301 303 304 305 309 310 311 315 316 319 322 324 325 331 332 333 335
 336 340 341 347 349 350 354 355 356 359 361 362 363 364 365 366 375 376
 377 379 381 383 384 391 393 394 395 396 397 398 400 402 405 406 409 413
 414 415 417 419 420 421 425 428 430 431 434 435 437 438 440 441 442 443
 444 448 449 450 451 453 460 462 463 464 465 466 467 469 476 477 478 480
 482 483 484 485 486 487 491 493 494 496 504 505 506 507 508 509 511 512
 513 516 518 519 520 522 524 525 526 527 528 529 530 532 536 537 539 542
 543 545 547 549 550 553 555 556 558 563 564 565 566 567 568 572 573 575
 577 581 582 587 588 589 590 591 598 599 601 602 603 609 612 613 614 617
 618 619 620 621 623 624 627 629 630 631 637 639 640 641 642 643 644 645
 646 648 649 650 652 653 654 656 658 662 665 666 667 670 675 680 682 686
 687 690 693 694 696 701 703 704 706 708 713 714 716 717 718 719 720 722
 723 724 731 732 738 741 743 744 749 751 752]",0.9736842105263158,18.530797481536865
8.5,"[0 1 1 1 0 0 0 0 1 1 1 0 1 1 0 0 1 1 0 0 1 1 0 1 0 0 0 1 1 1 0 0 0 0 1 1 1
 1 1 0 1 0 1 1 1 0 1 0 0 1 0 0 0 0 0 1 0 1 0 0 0 1 1 1 0 1 1 1 0 1 0 0 0 0
 1 1 1 0 0 0 1 0 1 1 0 0 1 1 1 0 0 0 0 1 0 0 0 0 1 0 0 1 1 1 1 1 0 0 0 0 1
 1 1 0 1 1 1 0 0 1 1 1 1 0 1 1 1 1 1 1 1 1 1 1 1 0 1 1 1 0 1 0 0 0 0 1 0 1
 1 1 0 0 1 1 0 0 0 1 0 1 1 0 1 1 0 1 0 1 0 0 0 1 1 0 1 0 1 1 0 0 1 0 1 1 1
 1 0 1 1 1 0 1 1 0 0 1 0 1 0 1 0 1 0 1 0 0 1 0 1 0 1 0 0 0 0 0 0 1 1 1 0 0
 0 1 0 1 0 1 1 0 1 1 1 0 1 0 1 1 0 0 0 0 0 1 1 1 1 1 1 1 0 1 1 1 1 0 1 0 1
 1 1 1 0 1 1 1 1 1 0 0 1 1 0 0 1 0 0 0 1 0 1 1 0 0 1 1 1 1 0 1 1 1 1 0 0 1
 1 1 1 0 0 1 0 1 0 1 0 1 1 1 0 1 0 1 0 1 0 0 0 1 1 1 0 0 0 1 1 1 1 1 1 0 0
 0 0 1 0 0 1 0 1 0 1 0 1 1 1 0 0 1 1 1 0 1 0 0 1 0 0 1 1 1 1 0 0 1 1 1 0 0
 1 0 1 0 1 1 0 1 0 1 1 0 1 0 1 1 1 0 1 1 1 1 1 1 1 1 1 0 0 0 0 1 1 0 1 0 1
 0 0 1 0 0 0 1 0 0 0 0 1 1 1 0 1 1 1 1 0 1 0 0 0 1 0 1 1 0 1 1 1 1 0 1 0 1
 1 1 0 0 1 1 1 1 1 0 1 1 1 1 1 0 1 0 0 1 1 0 1 0 0 0 1 0 0 1 0 1 1 0 0 0 0
 0 1 0 0 1 1 1 0 0 1 1 1 0 0 1 0 0 0 1 1 0 0 0 0 0 0 1 1 0 1 0 0 1 1 0 1 1
 0 1 0 0 0 0 0 1 0 0 1 0 1 0 1 0 0 0 0 0 1 1 0 0 1 0 0 1 0 1 1 0 1 0 1 1 1
 0 0 0 0 1 1 0 0 1 1 0 0 1 1 0 0 1 1 0 0 0 1 1 1 1 1 0 1 0 0 1 1 0 1 0 1 0
 1 1 1 0 0 1 1 0 0 1 1 0 1 1 0 0 0 0 0 0 1 1 1 0 0 1 0 1 0 0 1 0 0 1 0 1 1
 1 1 0 1 0 0 0 0 0 1 1 0 1 0 1 1 1 0 1 0 0 1 1 1 1 0 1 1 0 0 0 1 1 1 1 1 1
 0 1 0 1 0 1 1 1 0 1 1 1 0 1 1 1 1 0 1 1 1 0 0 1 0 1 0 0 1 0 1 1 0 0 0 1 1
 0 0 0 1 1 0 0 0 0 1 1 1 1 0 0 0 1 0 0 1 1 0 1 0 0 0 0 1 1 1 1 0 0 0 0 0 0
 0 1 1 0 0 1 1 1 1 1 0 0 0]","[  1   2   3   8   9  10  12  13  16  17  20  21  23  27  28  29  34  35
  36  37  38  40  42  43  44  46  49  55  57  61  62  63  65  66  67  69
  74  75  76  80  82  83  86  87  88  93  98 101 102 103 104 105 110 111
 112 114 115 116 119 120 121 122 124 125 126 127 128 129 130 131 132 133
 134 136 137 138 140 145 147 148 149 152 153 157 159 160 162 163 165 167
 171 172 174 176 177 180 182 183 184 185 187 188 189 191 192 195 197 199
 201 203 206 208 210 217 218 219 223 225 227 228 230 231 232 234 236 237
 243 244 245 246 247 248 249 251 252 253 254 256 258 259 260 261 263 264
 265 266 267 270 271 274 278 280 281 284 285 286 287 289 290 291 292 295
 296 297 298 301 303 305 307 308 309 311 313 315 319 320 321 325 326 327
 328 329 330 335 338 340 342 344 345 346 349 350 351 353 356 359 360 361
 362 365 366 367 370 372 374 375 377 379 380 382 384 385 386 388 389 390
 391 392 393 394 395 396 401 402 404 406 409 413 418 419 420 422 423 424
 425 427 431 433 434 436 437 438 439 441 443 444 445 448 449 450 451 452
 454 455 456 457 458 460 463 464 466 470 473 475 476 482 485 486 487 490
 491 492 495 499 500 507 508 510 513 514 516 517 519 525 528 530 532 538
 539 542 545 547 548 550 552 553 554 559 560 563 564 567 568 571 572 576
 577 578 579 580 582 585 586 588 590 592 593 594 597 598 601 602 604 605
 612 613 614 617 619 622 625 627 628 629 630 632 638 639 641 643 644 645
 647 650 651 652 653 655 656 660 661 662 663 664 665 667 669 671 672 673
 675 676 677 679 680 681 682 684 685 686 689 691 694 696 697 701 702 706
 707 712 713 714 715 719 722 723 725 730 731 732 733 741 742 745 746 747
 748 749]",0.9605263157894737,19.73765230178833
9.0,"[1 0 1 1 0 0 1 1 1 0 0 0 0 0 0 1 0 1 1 1 1 0 0 0 1 0 0 0 1 0 0 1 1 0 1 0 1
 1 0 0 0 0 1 0 0 1 1 0 1 0 0 1 1 0 0 1 0 0 1 0 1 1 1 0 1 1 1 1 1 0 1 1 0 0
 0 0 1 1 0 1 0 1 0 1 0 0 1 0 0 1 0 0 0 1 0 1 1 1 1 0 1 1 0 0 0 1 0 0 0 1 0
 0 0 1 1 1 1 1 0 0 1 0 1 1 1 0 1 1 1 0 0 0 0 0 0 0 1 1 0 0 0 0 1 1 1 0 1 1
 1 1 1 0 0 1 1 0 1 1 1 0 0 1 0 0 1 1 0 1 1 0 1 0 0 1 1 1 1 0 0 0 1 1 1 1 1
 1 0 0 1 0 1 0 1 1 0 1 1 0 0 1 1 0 0 0 1 0 1 0 0 1 1 0 0 0 0 0 0 1 0 1 0 0
 0 1 1 0 1 0 0 0 0 0 0 0 1 1 1 0 0 0 1 0 1 0 0 1 1 1 0 1 0 1 0 0 1 1 0 1 1
 1 1 1 0 1 1 0 1 1 1 1 0 0 0 1 1 1 0 1 0 1 0 1 1 1 1 1 0 1 1 1 1 0 1 0 0 0
 1 0 0 0 0 1 1 1 0 0 1 1 0 0 0 0 1 0 1 1 1 1 0 0 0 1 0 0 1 1 0 0 1 0 0 0 1
 0 1 0 0 0 0 1 0 0 1 1 0 0 0 1 0 1 1 0 0 0 1 0 1 0 1 1 0 1 1 0 0 1 0 0 1 0
 1 1 0 0 1 0 1 0 1 1 1 0 0 1 1 0 1 0 1 0 0 1 1 0 1 1 0 0 0 1 0 1 0 0 1 0 1
 1 0 1 1 0 0 0 1 0 0 0 0 1 1 1 1 1 1 1 0 1 0 0 1 1 0 0 1 1 0 1 0 1 0 0 1 0
 1 0 1 0 1 0 0 1 0 1 0 1 1 1 1 1 1 0 1 0 1 1 1 0 1 1 1 0 1 1 1 1 1 0 0 1 1
 1 1 0 0 0 1 0 0 1 1 0 1 1 0 1 1 0 0 0 1 0 0 1 0 1 0 1 1 0 0 0 0 1 1 1 0 1
 1 0 0 1 1 0 0 0 0 0 0 0 1 1 1 1 0 1 1 1 1 1 1 0 0 1 0 1 0 0 1 0 0 1 0 1 1
 1 1 0 1 1 0 1 0 0 1 1 1 0 0 0 1 0 0 0 1 1 0 1 1 1 0 0 1 0 1 1 1 0 1 1 0 0
 1 0 1 0 1 1 1 1 0 1 1 0 1 1 0 1 0 1 1 0 0 1 1 1 1 0 1 1 1 1 1 0 1 1 1 0 0
 1 1 0 1 1 1 1 0 0 1 0 1 0 1 0 1 0 0 0 0 1 1 0 1 1 1 0 0 0 0 0 1 1 0 1 0 0
 1 1 1 1 1 1 0 1 1 1 1 0 0 1 0 1 1 0 1 0 1 0 1 1 0 1 0 0 0 1 1 1 0 0 1 1 0
 1 0 1 0 0 1 0 0 0 0 0 1 0 1 1 1 1 0 1 0 0 1 1 0 0 0 1 1 0 1 0 1 0 0 0 1 0
 0 0 1 0 1 0 1 1 0 0 1 1 0]","[  0   2   3   6   7   8  15  17  18  19  20  24  28  31  32  34  36  37
  42  45  46  48  51  52  55  58  60  61  62  64  65  66  67  68  70  71
  76  77  79  81  83  86  89  93  95  96  97  98 100 101 105 109 113 114
 115 116 117 120 122 123 124 126 127 128 136 137 142 143 144 146 147 148
 149 150 153 154 156 157 158 161 164 165 167 168 170 173 174 175 176 180
 181 182 183 184 185 188 190 192 193 195 196 199 200 204 206 209 210 217
 219 223 224 226 234 235 236 240 242 245 246 247 249 251 254 255 257 258
 259 260 261 263 264 266 267 268 269 273 274 275 277 279 281 282 283 284
 285 287 288 289 290 292 296 301 302 303 306 307 312 314 315 316 317 321
 324 325 328 332 334 339 342 343 347 349 350 354 356 358 359 361 362 365
 368 370 371 374 376 378 379 380 383 384 386 388 391 392 394 395 399 401
 404 406 407 409 410 414 419 420 421 422 423 424 425 427 430 431 434 435
 437 439 442 444 446 448 451 453 455 456 457 458 459 460 462 464 465 466
 468 469 470 472 473 474 475 476 479 480 481 482 486 489 490 492 493 495
 496 500 503 505 507 508 513 514 515 517 518 521 522 530 531 532 533 535
 536 537 538 539 540 543 545 548 551 553 554 555 556 558 559 561 564 565
 566 570 574 575 577 578 579 582 584 585 586 588 589 592 594 596 597 598
 599 601 602 604 605 607 609 610 613 614 615 616 618 619 620 621 622 624
 625 626 629 630 632 633 634 635 638 640 642 644 649 650 652 653 654 660
 661 663 666 667 668 669 670 671 673 674 675 676 679 681 682 684 686 688
 689 691 695 696 697 700 701 703 705 708 714 716 717 718 719 721 724 725
 729 730 732 734 738 742 744 746 747 750 751]",0.9736842105263158,19.12982487678528
9.5,"[1 1 1 1 1 0 0 1 1 0 0 1 1 1 1 0 0 1 1 0 0 0 0 0 0 1 0 1 1 0 1 1 0 0 0 1 1
 1 1 0 1 1 0 1 0 0 0 1 1 1 0 0 1 0 0 1 0 0 0 1 0 1 1 1 0 1 0 0 0 1 1 1 1 0
 0 0 0 0 0 1 0 1 1 1 1 1 0 1 0 0 1 0 0 1 0 1 0 0 0 0 1 1 1 0 0 1 1 0 1 0 0
 0 1 1 0 1 1 0 0 1 1 0 1 1 0 0 1 1 0 1 1 1 0 0 1 0 1 1 0 1 1 1 1 1 1 0 0 0
 0 0 0 0 1 1 0 1 0 0 1 0 1 1 1 0 0 1 1 0 1 0 1 0 0 0 1 1 0 1 0 0 1 1 1 1 1
 0 0 0 0 0 0 1 0 0 0 0 1 1 1 0 0 1 0 1 1 0 1 1 1 1 0 1 1 0 0 0 1 1 0 1 1 1
 1 1 0 1 0 1 0 0 1 0 0 1 1 1 0 0 0 1 0 1 0 1 0 1 1 0 0 1 1 0 0 0 0 1 1 1 1
 1 1 0 1 1 0 1 1 1 1 0 0 1 1 1 0 1 0 1 0 1 0 1 0 1 0 1 1 1 1 0 1 0 0 0 0 0
 0 1 1 0 1 0 1 0 0 1 1 0 1 1 1 0 0 1 0 1 1 1 0 1 1 1 0 0 1 0 1 1 0 1 1 1 0
 1 0 0 0 0 0 0 0 1 1 0 0 0 1 1 0 1 1 1 0 1 1 1 0 1 0 1 0 1 0 1 0 1 0 0 0 1
 0 0 0 1 1 1 0 1 1 1 0 0 1 0 1 0 1 0 1 1 0 1 1 0 0 1 1 0 0 0 0 0 0 1 0 1 1
 0 0 0 0 0 0 1 0 0 0 1 0 1 1 0 1 1 0 1 0 1 0 0 0 1 0 1 1 1 1 1 0 0 1 1 0 1
 0 1 1 1 1 1 0 0 0 1 1 0 0 0 0 1 1 1 1 1 1 0 0 0 0 0 0 0 0 0 1 1 0 0 0 1 1
 1 1 0 1 0 0 0 1 0 0 0 1 1 0 0 1 0 0 1 1 1 0 1 1 1 0 0 1 0 0 0 0 0 1 1 1 1
 0 0 0 1 0 0 0 1 0 1 0 1 1 1 0 1 0 0 1 0 0 0 0 0 0 0 0 0 1 0 0 0 1 0 0 1 1
 0 0 0 0 0 0 1 1 0 0 0 1 1 0 1 1 0 0 0 1 1 1 0 1 0 1 1 1 0 1 1 0 1 1 0 1 0
 0 0 0 1 1 1 1 1 1 1 1 1 0 1 1 0 0 1 0 1 0 1 1 1 1 1 0 0 1 0 1 0 1 0 0 1 0
 0 0 1 0 0 0 0 1 0 0 0 0 1 1 0 0 0 1 0 0 0 1 0 0 0 0 0 1 1 1 1 0 0 1 0 1 1
 0 1 1 1 1 1 0 0 1 0 0 0 1 0 0 0 1 1 0 0 0 0 1 1 1 0 1 1 0 0 1 0 0 0 1 0 0
 0 0 1 1 0 1 1 0 0 1 0 1 1 0 1 0 1 1 0 0 0 0 1 1 0 0 0 1 1 0 1 1 0 1 0 0 1
 0 1 1 1 1 1 1 1 0 0 0 0 1]","[  0   1   2   3   4   7   8  11  12  13  14  17  18  25  27  28  30  31
  35  36  37  38  40  41  43  47  48  49  52  55  59  61  62  63  65  69
  70  71  72  79  81  82  83  84  85  87  90  93  95 100 101 102 105 106
 108 112 113 115 116 119 120 122 123 126 127 129 130 131 134 136 137 139
 140 141 142 143 144 152 153 155 158 160 161 162 165 166 168 170 174 175
 177 180 181 182 183 184 191 196 197 198 201 203 204 206 207 208 209 211
 212 216 217 219 220 221 222 223 225 227 230 233 234 235 239 241 243 245
 246 249 250 255 256 257 258 259 260 262 263 265 266 267 268 271 272 273
 275 277 279 281 283 285 286 287 288 290 297 298 300 302 305 306 308 309
 310 313 315 316 317 319 320 321 324 326 327 329 330 331 333 341 342 346
 347 349 350 351 353 354 355 357 359 361 363 365 369 373 374 375 377 378
 379 382 384 386 388 389 391 392 395 396 403 405 406 413 417 419 420 422
 423 425 427 431 433 434 435 436 437 440 441 443 445 446 447 448 449 453
 454 459 460 461 462 463 464 474 475 479 480 481 482 484 488 492 493 496
 499 500 501 503 504 505 508 514 515 516 517 521 525 527 529 530 531 533
 536 546 550 553 554 561 562 566 567 569 570 574 575 576 578 580 581 582
 584 585 587 588 590 595 596 597 598 599 600 601 602 603 605 606 609 611
 613 614 615 616 617 620 622 624 627 631 636 641 642 646 650 656 657 658
 659 662 664 665 667 668 669 670 671 674 678 682 683 688 689 690 692 693
 696 700 705 706 708 709 712 714 715 717 719 720 725 726 730 731 733 734
 736 739 741 742 743 744 745 746 747 752]",0.9473684210526315,18.317416667938232
10.0,"[0 1 1 0 1 0 1 0 0 0 0 0 1 0 0 1 1 0 1 1 0 1 0 1 0 0 1 0 1 0 0 1 0 1 0 1 0
 0 0 0 1 1 1 1 1 1 1 1 1 0 0 1 1 1 1 0 1 0 1 1 0 1 1 0 0 0 0 0 0 0 0 1 1 1
 1 0 0 0 0 1 1 1 1 1 0 1 0 1 0 0 0 1 1 1 1 1 1 0 0 1 1 0 1 0 1 1 1 1 0 0 1
 1 0 1 1 0 0 1 0 1 0 1 1 1 1 1 0 1 0 1 1 1 1 0 0 1 0 0 1 1 1 0 1 1 1 0 0 0
 0 0 1 0 1 1 1 0 1 0 0 1 1 0 1 1 1 0 0 0 1 0 0 1 1 1 0 0 0 1 1 1 0 1 0 1 1
 1 1 0 0 1 1 0 1 0 0 0 1 0 1 1 1 0 0 0 0 1 1 0 0 1 0 0 1 1 1 0 0 1 0 0 0 0
 1 0 0 0 0 0 0 0 0 0 0 0 1 0 1 1 0 0 0 0 0 0 1 1 1 1 0 1 1 1 0 1 1 0 1 1 1
 0 0 1 1 1 1 1 1 0 0 1 1 0 0 0 1 1 1 1 1 0 1 0 0 1 0 0 1 1 1 1 1 0 1 1 1 0
 1 0 0 0 1 1 1 0 1 0 1 0 1 0 1 0 1 1 0 0 1 0 0 1 1 0 1 1 1 1 1 1 1 1 1 0 1
 0 0 1 0 0 0 0 1 1 0 1 0 1 1 1 1 0 1 0 0 1 0 0 0 1 0 0 0 0 0 1 0 0 1 0 1 1
 1 0 1 1 0 0 0 0 1 0 1 1 1 0 1 0 1 0 0 0 1 0 1 0 0 1 0 0 1 0 0 1 1 0 1 0 1
 1 1 1 1 1 0 1 0 0 0 1 1 1 0 0 1 1 1 1 1 1 1 0 1 0 0 0 0 1 0 0 1 1 0 0 1 0
 0 0 1 0 0 0 1 1 0 0 1 0 0 1 1 0 1 1 0 1 0 0 1 1 1 0 1 0 0 1 1 0 1 1 0 0 0
 1 1 1 0 1 0 0 0 1 1 0 0 1 1 1 0 0 0 0 0 1 0 0 0 0 0 0 1 0 0 1 1 0 0 1 1 0
 0 1 1 0 1 0 1 1 1 1 0 1 1 0 0 0 1 0 1 0 1 1 1 0 0 1 1 0 0 1 0 0 1 0 1 1 0
 1 0 0 0 1 1 0 0 1 0 0 0 0 0 1 0 0 1 0 0 1 0 1 1 1 0 1 0 0 0 1 1 0 0 0 0 0
 1 1 0 1 0 0 1 0 0 1 1 0 0 0 0 0 0 0 0 1 0 1 0 0 0 0 0 0 1 1 1 1 1 0 1 0 0
 0 0 1 1 1 0 0 0 0 0 0 1 0 0 0 0 1 1 1 1 0 1 0 0 1 1 0 1 0 0 1 1 1 0 1 0 0
 1 0 0 1 0 0 0 0 0 0 0 1 0 1 0 1 0 1 0 0 0 1 0 0 1 0 1 1 1 1 0 1 1 0 0 1 0
 0 0 0 0 0 1 0 0 1 0 0 1 1 0 0 1 0 1 0 1 1 1 1 0 1 1 0 0 1 0 0 1 1 0 0 0 0
 0 0 0 1 1 1 0 1 1 1 0 1 1]","[  1   2   4   6  12  15  16  18  19  21  23  26  28  31  33  35  40  41
  42  43  44  45  46  47  48  51  52  53  54  56  58  59  61  62  71  72
  73  74  79  80  81  82  83  85  87  91  92  93  94  95  96  99 100 102
 104 105 106 107 110 111 113 114 117 119 121 122 123 124 125 127 129 130
 131 132 135 138 139 140 142 143 144 150 152 153 154 156 159 160 162 163
 164 168 171 172 173 177 178 179 181 183 184 185 186 189 190 192 196 198
 199 200 205 206 209 212 213 214 217 222 234 236 237 244 245 246 247 249
 250 251 253 254 256 257 258 261 262 263 264 265 266 269 270 274 275 276
 277 278 280 283 286 287 288 289 290 292 293 294 296 300 301 302 304 306
 308 310 312 313 316 319 320 322 323 324 325 326 327 328 329 330 332 335
 340 341 343 345 346 347 348 350 353 357 363 366 368 369 370 372 373 378
 380 381 382 384 386 390 392 395 398 401 402 404 406 407 408 409 410 411
 413 417 418 419 422 423 424 425 426 427 428 430 435 438 439 442 446 450
 451 454 457 458 460 461 463 466 467 468 470 473 474 476 477 481 482 483
 485 489 490 493 494 495 501 508 511 512 515 516 519 520 522 524 525 526
 527 529 530 534 536 538 539 540 543 544 547 550 552 553 555 559 560 563
 569 572 575 577 578 579 581 585 586 592 593 595 598 601 602 611 613 620
 621 622 623 624 626 631 632 633 640 645 646 647 648 650 653 654 656 659
 660 661 663 666 669 677 679 681 683 687 690 692 693 694 695 697 698 701
 708 711 714 715 718 720 722 723 724 725 727 728 731 734 735 743 744 745
 747 748 749 751 752]",0.9605263157894737,21.09142518043518
